[base] version=0.0.1 protocol=5
[base] image.server.status={"running": true, "base_url": "http://127.0.0.1:8080/v1", "model": "/Users/zhengbingjin/Library/Application Support/MYIA/models/qwen3-vl-8b-mlx", "healthy": true}
[base] models=[('qwen3-vl-8b-mlx', True, False), ('test-vl-2b', False, True)]
[download] 提交 job_id=1 repo=mlx-community/SmolVLM-256M-Instruct-4bit name=test-vl-256m
[serve-stderr] Downloading bytes:           |  0.00B
[serve-stderr] Reconstructing (incomplete total...): |          |  0.00B /  0.00B            [A
[serve-stderr] Fetching 14 files:   0%|          | 0/14 [00:00<?, ?it/s][A[A
[serve-stderr] Reconstructing (incomplete total...):   0%|          |  0.00B / 1.52kB            [A
[serve-stderr] Reconstructing (incomplete total...): 100%|██████████| 1.52kB / 1.52kB            [A
[serve-stderr] Downloading bytes: ██████████| 1.52kB
[serve-stderr] Fetching 14 files:   7%|▋         | 1/14 [00:00<00:11,  1.09it/s][A[A
[serve-stderr] Reconstructing (incomplete total...):   0%|          | 1.52kB /  145MB            [A
[serve-stderr] Reconstructing (incomplete total...):   0%|          | 1.52kB /  145MB            [A
[serve-stderr] Reconstructing (incomplete total...):   0%|          | 11.8kB /  145MB            [A
[serve-stderr] Downloading bytes:           | 11.8kB
[serve-stderr] Fetching 14 files:  14%|█▍        | 2/14 [00:01<00:09,  1.27it/s][A[A
[serve-stderr] Reconstructing (incomplete total...):   0%|          | 11.8kB /  146MB            [A
[serve-stderr] Reconstructing (incomplete total...):   0%|          | 11.8kB /  146MB            [A
[serve-stderr] Reconstructing (incomplete total...):   0%|          | 95.7kB /  146MB            [A
[serve-stderr] Reconstructing (incomplete total...):   0%|          |  100kB /  146MB            [A
[serve-stderr] Downloading bytes:           |  100kB
[serve-stderr] Fetching 14 files:  29%|██▊       | 4/14 [00:01<00:03,  3.02it/s][A[A
[serve-stderr] Reconstructing (incomplete total...):   0%|          |  100kB /  146MB            [A
[serve-stderr] Reconstructing (incomplete total...):   0%|          |  101kB /  146MB            [A
[serve-stderr] Reconstructing (incomplete total...):   0%|          |  101kB /  146MB            [A
[serve-stderr] Fetching 14 files:  50%|█████     | 7/14 [00:02<00:01,  4.35it/s][A[A
[serve-stderr] Reconstructing (incomplete total...):   0%|          |  569kB /  146MB            [A
[serve-stderr] Downloading bytes:           |  569kB
[serve-stderr] Reconstructing (incomplete total...):   0%|          |  569kB /  146MB            [A
[serve-stderr] Fetching 14 files:  64%|██████▍   | 9/14 [00:02<00:00,  5.14it/s][A[A
[serve-stderr] Reconstructing (incomplete total...):   0%|          |  569kB /  146MB            [A
[serve-stderr] Fetching 14 files:  71%|███████▏  | 10/14 [00:02<00:00,  5.70it/s][A[A
[serve-stderr] Reconstructing (incomplete total...):   0%|          |  597kB /  146MB            [A
[serve-stderr] Reconstructing (incomplete total...):   0%|          |  598kB /  150MB            [A
[serve-stderr] Reconstructing (incomplete total...):   0%|          |  598kB /  150MB            [A
[serve-stderr] Reconstructing (incomplete total...):   1%|          | 1.40MB /  150MB            [A
[serve-stderr] Downloading bytes:           | 1.40MB
[serve-stderr] Fetching 14 files:  86%|████████▌ | 12/14 [00:03<00:00,  3.44it/s][A[A
[serve-stderr] Reconstructing (incomplete total...):   3%|▎         | 4.95MB /  150MB            [A
[serve-stderr] Downloading bytes: ▎         | 4.95MB
[serve-stderr] Fetching 14 files:  93%|█████████▎| 13/14 [00:04<00:00,  2.38it/s][A[A
[serve-stderr] Downloading bytes: ▎         | 5.15MB, 1.81MB/s
[serve-stderr] Downloading bytes: ▎         | 5.28MB, 1.40MB/s
[serve-stderr] Downloading bytes: ▎         | 5.39MB, 1.23MB/s
[serve-stderr] Downloading bytes: ▎         | 5.52MB, 1.13MB/s
[serve-stderr] Downloading bytes: ▎         | 5.60MB,  970kB/s
[serve-stderr] Downloading bytes: ▍         | 5.68MB,  865kB/s
[serve-stderr] Downloading bytes: ▍         | 5.76MB,  764kB/s
[serve-stderr] Downloading bytes: ▍         | 5.81MB,  679kB/s
[serve-stderr] Downloading bytes: ▍         | 5.88MB,  647kB/s
[serve-stderr] Downloading bytes: ▍         | 5.93MB,  556kB/s
[serve-stderr] Downloading bytes: ▍         | 5.97MB,  537kB/s
[serve-stderr] Downloading bytes: ▍         | 6.02MB,  527kB/s
[serve-stderr] Downloading bytes: ▍         | 6.10MB,  509kB/s
[serve-stderr] Downloading bytes: ▍         | 6.15MB,  454kB/s
[serve-stderr] Downloading bytes: ▍         | 6.21MB,  453kB/s
[serve-stderr] Downloading bytes: ▍         | 6.31MB,  406kB/s
[serve-stderr] Downloading bytes: ▍         | 6.36MB,  425kB/s
[serve-stderr] Downloading bytes: ▍         | 6.44MB,  430kB/s
[serve-stderr] Downloading bytes: ▍         | 6.52MB,  404kB/s
[serve-stderr] Downloading bytes: ▍         | 6.57MB,  394kB/s
[serve-stderr] Downloading bytes: ▍         | 6.61MB,  405kB/s
[serve-stderr] Downloading bytes: ▍         | 6.69MB,  405kB/s
[serve-stderr] Downloading bytes: ▍         | 6.74MB,  393kB/s
[serve-stderr] Downloading bytes: ▍         | 6.78MB,  400kB/s
[serve-stderr] Downloading bytes: ▍         | 6.85MB,  403kB/s
[serve-stderr] Downloading bytes: ▍         | 6.89MB,  367kB/s
[serve-stderr] Downloading bytes: ▍         | 6.94MB,  385kB/s
[serve-stderr] Downloading bytes: ▍         | 7.02MB,  408kB/s
[serve-stderr] Downloading bytes: ▍         | 7.06MB,  376kB/s
[serve-stderr] Downloading bytes: ▍         | 7.11MB,  385kB/s
[serve-stderr] Downloading bytes: ▍         | 7.18MB,  407kB/s
[serve-stderr] Downloading bytes: ▍         | 7.23MB,  372kB/s
[serve-stderr] Downloading bytes: ▍         | 7.28MB,  389kB/s
[serve-stderr] Downloading bytes: ▍         | 7.36MB,  404kB/s
[serve-stderr] Downloading bytes: ▍         | 7.44MB,  400kB/s
[serve-stderr] Downloading bytes: ▌         | 7.52MB,  390kB/s
[serve-stderr] Downloading bytes: ▌         | 7.61MB,  383kB/s
[serve-stderr] Downloading bytes: ▌         | 7.69MB,  380kB/s
[serve-stderr] Downloading bytes: ▌         | 7.74MB,  377kB/s
[serve-stderr] Downloading bytes: ▌         | 7.82MB,  395kB/s
[serve-stderr] Downloading bytes: ▌         | 7.89MB,  388kB/s
[serve-stderr] Downloading bytes: ▌         | 7.95MB,  361kB/s
[serve-stderr] Downloading bytes: ▌         | 8.00MB,  406kB/s
[serve-stderr] Downloading bytes: ▌         | 8.05MB,  419kB/s
[serve-stderr] Downloading bytes: ▌         | 8.10MB,  425kB/s
[serve-stderr] Downloading bytes: ▌         | 8.16MB,  431kB/s
[serve-stderr] Downloading bytes: ▌         | 8.23MB,  375kB/s
[serve-stderr] Downloading bytes: ▌         | 8.31MB,  426kB/s
[serve-stderr] Downloading bytes: ▌         | 8.39MB,  408kB/s
[serve-stderr] Downloading bytes: ▌         | 8.44MB,  395kB/s
[serve-stderr] Downloading bytes: ▌         | 8.49MB,  339kB/s
[serve-stderr] Downloading bytes: ▌         | 8.52MB,  308kB/s
[serve-stderr] Downloading bytes: ▌         | 8.59MB,  306kB/s
[serve-stderr] Downloading bytes: ▌         | 8.64MB,  369kB/s
[serve-stderr] Downloading bytes: ▌         | 8.74MB,  387kB/s
[serve-stderr] Downloading bytes: ▌         | 8.84MB,  515kB/s
[serve-stderr] Downloading bytes: ▌         | 8.88MB,  415kB/s
[serve-stderr] Downloading bytes: ▌         | 8.93MB,  422kB/s
[serve-stderr] Downloading bytes: ▌         | 9.02MB,  427kB/s
[serve-stderr] Downloading bytes: ▌         | 9.13MB,  405kB/s
[serve-stderr] Downloading bytes: ▌         | 9.20MB,  450kB/s
[serve-stderr] Downloading bytes: ▌         | 9.25MB,  405kB/s
[serve-stderr] Downloading bytes: ▌         | 9.29MB,  419kB/s
[serve-stderr] Downloading bytes: ▌         | 9.36MB,  433kB/s
[serve-stderr] Downloading bytes: ▋         | 9.41MB,  386kB/s
[serve-stderr] Downloading bytes: ▋         | 9.46MB,  399kB/s
[serve-stderr] Downloading bytes: ▋         | 9.52MB,  412kB/s
[serve-stderr] Downloading bytes: ▋         | 9.57MB,  369kB/s
[serve-stderr] Downloading bytes: ▋         | 9.65MB,  389kB/s
[serve-stderr] Downloading bytes: ▋         | 9.70MB,  385kB/s
[serve-stderr] Downloading bytes: ▋         | 9.79MB,  399kB/s
[serve-stderr] Downloading bytes: ▋         | 9.84MB,  393kB/s
[serve-stderr] Downloading bytes: ▋         | 9.92MB,  405kB/s
[serve-stderr] Downloading bytes: ▋         | 9.97MB,  401kB/s
[serve-stderr] Downloading bytes: ▋         | 10.0MB,  415kB/s
[serve-stderr] Downloading bytes: ▋         | 10.1MB,  399kB/s
[serve-stderr] Downloading bytes: ▋         | 10.2MB,  409kB/s
[serve-stderr] Downloading bytes: ▋         | 10.2MB,  371kB/s
[serve-stderr] Downloading bytes: ▋         | 10.3MB,  424kB/s
[serve-stderr] Downloading bytes: ▋         | 10.4MB,  411kB/s
[serve-stderr] Downloading bytes: ▋         | 10.4MB,  419kB/s
[serve-stderr] Downloading bytes: ▋         | 10.5MB,  405kB/s
[serve-stderr] Downloading bytes: ▋         | 10.6MB,  369kB/s
[serve-stderr] Downloading bytes: ▋         | 10.7MB,  388kB/s
[serve-stderr] Downloading bytes: ▋         | 10.7MB,  410kB/s
[serve-stderr] Downloading bytes: ▋         | 10.8MB,  375kB/s
[serve-stderr] Downloading bytes: ▋         | 10.8MB,  393kB/s
[serve-stderr] Downloading bytes: ▋         | 10.9MB,  444kB/s
[serve-stderr] Downloading bytes: ▋         | 11.0MB,  395kB/s
[serve-stderr] Downloading bytes: ▋         | 11.0MB,  389kB/s
[serve-stderr] Reconstructing (incomplete total...):   3%|▎         | 4.95MB /  150MB            [A
[serve-stderr] Downloading bytes: ▋         | 11.1MB,  401kB/s
[serve-stderr] Downloading bytes: ▋         | 11.2MB,  396kB/s
[serve-stderr] Downloading bytes: ▋         | 11.3MB,  392kB/s
[serve-stderr] Downloading bytes: ▊         | 11.4MB,  388kB/s
[serve-stderr] Downloading bytes: ▊         | 11.4MB,  417kB/s
[serve-stderr] Downloading bytes: ▊         | 11.5MB,  380kB/s
[serve-stderr] Downloading bytes: ▊         | 11.6MB,  397kB/s
[serve-stderr] Downloading bytes: ▊         | 11.6MB,  393kB/s
[serve-stderr] Downloading bytes: ▊         | 11.7MB,  364kB/s
[serve-stderr] Downloading bytes: ▊         | 11.8MB,  412kB/s
[serve-stderr] Downloading bytes: ▊         | 11.9MB,  372kB/s
[serve-stderr] Downloading bytes: ▊         | 11.9MB,  397kB/s
[serve-stderr] Downloading bytes: ▊         | 12.0MB,  389kB/s
[serve-stderr] Downloading bytes: ▊         | 12.1MB,  391kB/s
[serve-stderr] Downloading bytes: ▊         | 12.2MB,  402kB/s
[serve-stderr] Downloading bytes: ▊         | 12.2MB,  398kB/s
[serve-stderr] Downloading bytes: ▊         | 12.3MB,  407kB/s
[serve-stderr] Downloading bytes: ▊         | 12.3MB,  418kB/s
[serve-stderr] Downloading bytes: ▊         | 12.4MB,  375kB/s
[serve-stderr] Downloading bytes: ▊         | 12.5MB,  375kB/s
[serve-stderr] Downloading bytes: ▊         | 12.5MB,  390kB/s
[serve-stderr] Downloading bytes: ▊         | 12.6MB,  403kB/s
[serve-stderr] Downloading bytes: ▊         | 12.7MB,  397kB/s
[serve-stderr] Downloading bytes: ▊         | 12.7MB,  418kB/s
[serve-stderr] Downloading bytes: ▊         | 12.8MB,  353kB/s
[serve-stderr] Downloading bytes: ▊         | 12.9MB,  337kB/s
[serve-stderr] Downloading bytes: ▊         | 12.9MB,  417kB/s
[serve-stderr] Downloading bytes: ▊         | 13.0MB,  423kB/s
[serve-stderr] Downloading bytes: ▊         | 13.1MB,  404kB/s
[serve-stderr] Downloading bytes: ▊         | 13.1MB,  393kB/s
[serve-stderr] Downloading bytes: ▉         | 13.2MB,  403kB/s
[serve-stderr] Downloading bytes: ▉         | 13.2MB,  413kB/s
[serve-stderr] Downloading bytes: ▉         | 13.3MB,  422kB/s
[serve-stderr] Downloading bytes: ▉         | 13.4MB,  401kB/s
[serve-stderr] Downloading bytes: ▉         | 13.4MB,  415kB/s
[serve-stderr] Downloading bytes: ▉         | 13.5MB,  371kB/s
[serve-stderr] Downloading bytes: ▉         | 13.6MB,  389kB/s
[serve-stderr] Downloading bytes: ▉         | 13.6MB,  359kB/s
[serve-stderr] Downloading bytes: ▉         | 13.7MB,  379kB/s
[serve-stderr] Downloading bytes: ▉         | 13.7MB,  395kB/s
[serve-stderr] Downloading bytes: ▉         | 13.8MB,  399kB/s
[serve-stderr] Downloading bytes: ▉         | 13.8MB,  365kB/s
[serve-stderr] Downloading bytes: ▉         | 13.9MB,  382kB/s
[serve-stderr] Downloading bytes: ▉         | 14.0MB,  385kB/s
[serve-stderr] Downloading bytes: ▉         | 14.0MB,  399kB/s
[serve-stderr] Downloading bytes: ▉         | 14.1MB,  418kB/s
[serve-stderr] Downloading bytes: ▉         | 14.2MB,  400kB/s
[serve-stderr] Downloading bytes: ▉         | 14.2MB,  410kB/s
[serve-stderr] Downloading bytes: ▉         | 14.3MB,  419kB/s
[serve-stderr] Downloading bytes: ▉         | 14.3MB,  426kB/s
[serve-stderr] Downloading bytes: ▉         | 14.4MB,  407kB/s
[serve-stderr] Downloading bytes: ▉         | 14.5MB,  402kB/s
[serve-stderr] Downloading bytes: ▉         | 14.6MB,  392kB/s
[serve-stderr] Downloading bytes: ▉         | 14.6MB,  386kB/s
[serve-stderr] Downloading bytes: ▉         | 14.7MB,  397kB/s
[serve-stderr] Downloading bytes: ▉         | 14.8MB,  393kB/s
[serve-stderr] Downloading bytes: ▉         | 14.8MB,  386kB/s
[serve-stderr] Downloading bytes: ▉         | 14.9MB,  402kB/s
[serve-stderr] Downloading bytes: ▉         | 15.0MB,  394kB/s
[serve-stderr] Downloading bytes: █         | 15.1MB,  393kB/s
[serve-stderr] Downloading bytes: █         | 15.1MB,  407kB/s
[serve-stderr] Downloading bytes: █         | 15.2MB,  404kB/s
[serve-stderr] Downloading bytes: █         | 15.3MB,  393kB/s
[serve-stderr] Downloading bytes: █         | 15.3MB,  404kB/s
[serve-stderr] Downloading bytes: █         | 15.4MB,  365kB/s
[serve-stderr] Downloading bytes: █         | 15.5MB,  415kB/s
[serve-stderr] Downloading bytes: █         | 15.6MB,  405kB/s
[serve-stderr] Downloading bytes: █         | 15.6MB,  393kB/s
[serve-stderr] Downloading bytes: █         | 15.7MB,  404kB/s
[serve-stderr] Downloading bytes: █         | 15.8MB,  414kB/s
[serve-stderr] Downloading bytes: █         | 15.8MB,  382kB/s
[serve-stderr] Downloading bytes: █         | 15.9MB,  398kB/s
[serve-stderr] Downloading bytes: █         | 16.0MB,  394kB/s
[serve-stderr] Downloading bytes: █         | 16.0MB,  409kB/s
[serve-stderr] Downloading bytes: █         | 16.1MB,  373kB/s
[serve-stderr] Downloading bytes: █         | 16.1MB,  391kB/s
[serve-stderr] Downloading bytes: █         | 16.2MB,  404kB/s
[serve-stderr] Downloading bytes: █         | 16.3MB,  392kB/s
[serve-stderr] Downloading bytes: █         | 16.3MB,  406kB/s
[serve-stderr] Downloading bytes: █         | 16.4MB,  397kB/s
[serve-stderr] Downloading bytes: █         | 16.5MB,  393kB/s
[serve-stderr] Downloading bytes: █         | 16.6MB,  421kB/s
[serve-stderr] Downloading bytes: █         | 16.6MB,  380kB/s
[serve-stderr] Downloading bytes: █         | 16.7MB,  397kB/s
[serve-stderr] Downloading bytes: █         | 16.7MB,  410kB/s
[serve-stderr] Downloading bytes: █         | 16.8MB,  420kB/s
[serve-stderr] Downloading bytes: █         | 16.9MB,  401kB/s
[serve-stderr] Downloading bytes: █▏        | 16.9MB,  393kB/s
[serve-stderr] Downloading bytes: █▏        | 17.0MB,  404kB/s
[serve-stderr] Downloading bytes: █▏        | 17.1MB,  373kB/s
[serve-stderr] Downloading bytes: █▏        | 17.1MB,  389kB/s
[serve-stderr] Downloading bytes: █▏        | 17.2MB,  402kB/s
[serve-stderr] Downloading bytes: █▏        | 17.2MB,  395kB/s
[serve-stderr] Downloading bytes: █▏        | 17.3MB,  407kB/s
[serve-stderr] Downloading bytes: █▏        | 17.4MB,  399kB/s
[serve-stderr] Downloading bytes: █▏        | 17.5MB,  409kB/s
[serve-stderr] Downloading bytes: █▏        | 17.5MB,  401kB/s
[serve-stderr] Downloading bytes: █▏        | 17.6MB,  411kB/s
[serve-stderr] Downloading bytes: █▏        | 17.6MB,  374kB/s
[serve-stderr] Downloading bytes: █▏        | 17.7MB,  390kB/s
[serve-stderr] Downloading bytes: █▏        | 17.7MB,  403kB/s
[serve-stderr] Downloading bytes: █▏        | 17.8MB,  396kB/s
[serve-stderr] Downloading bytes: █▏        | 17.9MB,  408kB/s
[serve-stderr] Downloading bytes: █▏        | 17.9MB,  397kB/s
[serve-stderr] Downloading bytes: █▏        | 18.0MB,  416kB/s
[serve-stderr] Downloading bytes: █▏        | 18.0MB,  426kB/s
[serve-stderr] Downloading bytes: █▏        | 18.1MB,  349kB/s
[serve-stderr] Downloading bytes: █▏        | 18.2MB,  406kB/s
[serve-stderr] Downloading bytes: █▏        | 18.2MB,  395kB/s
[serve-stderr] Downloading bytes: █▏        | 18.3MB,  406kB/s
[serve-stderr] Downloading bytes: █▏        | 18.3MB,  416kB/s
[serve-stderr] Downloading bytes: █▏        | 18.4MB,  373kB/s
[serve-stderr] Downloading bytes: █▏        | 18.4MB,  396kB/s
[serve-stderr] Downloading bytes: █▏        | 18.5MB,  416kB/s
[serve-stderr] Downloading bytes: █▏        | 18.6MB,  402kB/s
[serve-stderr] Downloading bytes: █▏        | 18.7MB,  424kB/s
[serve-stderr] Downloading bytes: █▏        | 18.7MB,  379kB/s
[serve-stderr] Downloading bytes: █▎        | 18.8MB,  393kB/s
[serve-stderr] Downloading bytes: █▎        | 18.9MB,  391kB/s
[serve-stderr] Downloading bytes: █▎        | 18.9MB,  403kB/s
[serve-stderr] Downloading bytes: █▎        | 19.0MB,  416kB/s
[serve-stderr] Downloading bytes: █▎        | 19.1MB,  398kB/s
[serve-stderr] Downloading bytes: █▎        | 19.2MB,  393kB/s
[serve-stderr] Downloading bytes: █▎        | 19.2MB,  386kB/s
[serve-stderr] Downloading bytes: █▎        | 19.3MB,  397kB/s
[serve-stderr] Downloading bytes: █▎        | 19.4MB,  422kB/s
[serve-stderr] Downloading bytes: █▎        | 19.4MB,  384kB/s
[serve-stderr] Downloading bytes: █▎        | 19.5MB,  397kB/s
[serve-stderr] Downloading bytes: █▎        | 19.5MB,  414kB/s
[serve-stderr] Downloading bytes: █▎        | 19.6MB,  341kB/s
[serve-stderr] Downloading bytes: █▎        | 19.6MB,  300kB/s
[serve-stderr] Downloading bytes: █▎        | 19.7MB,  360kB/s
[serve-stderr] Downloading bytes: █▎        | 19.7MB,  413kB/s
[serve-stderr] Downloading bytes: █▎        | 19.8MB,  421kB/s
[serve-stderr] Downloading bytes: █▎        | 19.9MB,  466kB/s
[serve-stderr] Downloading bytes: █▎        | 19.9MB,  428kB/s
[serve-stderr] Downloading bytes: █▎        | 20.0MB,  432kB/s
[serve-stderr] Downloading bytes: █▎        | 20.1MB,  410kB/s
[serve-stderr] Downloading bytes: █▎        | 20.1MB,  418kB/s
[serve-stderr] Downloading bytes: █▎        | 20.2MB,  433kB/s
[serve-stderr] Downloading bytes: █▎        | 20.3MB,  408kB/s
[serve-stderr] Downloading bytes: █▎        | 20.4MB,  405kB/s
[serve-stderr] Downloading bytes: █▎        | 20.5MB,  397kB/s
[serve-stderr] Downloading bytes: █▎        | 20.5MB,  394kB/s
[serve-stderr] Downloading bytes: █▎        | 20.6MB,  387kB/s
[serve-stderr] Downloading bytes: █▍        | 20.7MB,  386kB/s
[serve-stderr] Downloading bytes: █▍        | 20.8MB,  406kB/s
[serve-stderr] Downloading bytes: █▍        | 20.9MB,  374kB/s
[serve-stderr] Downloading bytes: █▍        | 20.9MB,  402kB/s
[serve-stderr] Downloading bytes: █▍        | 21.0MB,  413kB/s
[serve-stderr] Downloading bytes: █▍        | 21.0MB,  376kB/s
[serve-stderr] Downloading bytes: █▍        | 21.1MB,  393kB/s
[serve-stderr] Downloading bytes: █▍        | 21.2MB,  440kB/s
[serve-stderr] Downloading bytes: █▍        | 21.2MB,  365kB/s
[serve-stderr] Downloading bytes: █▍        | 21.3MB,  384kB/s
[serve-stderr] Downloading bytes: █▍        | 21.3MB,  436kB/s
[serve-stderr] Downloading bytes: █▍        | 21.4MB,  385kB/s
[serve-stderr] Downloading bytes: █▍        | 21.5MB,  400kB/s
[serve-stderr] Downloading bytes: █▍        | 21.5MB,  389kB/s
[serve-stderr] Downloading bytes: █▍        | 21.6MB,  407kB/s
[serve-stderr] Downloading bytes: █▍        | 21.7MB,  401kB/s
[serve-stderr] Downloading bytes: █▍        | 21.7MB,  366kB/s
[serve-stderr] Downloading bytes: █▍        | 21.8MB,  383kB/s
[serve-stderr] Downloading bytes: █▍        | 21.9MB,  413kB/s
[serve-stderr] Downloading bytes: █▍        | 22.0MB,  399kB/s
[serve-stderr] Downloading bytes: █▍        | 22.0MB,  395kB/s
[serve-stderr] Downloading bytes: █▍        | 22.1MB,  363kB/s
[serve-stderr] Downloading bytes: █▍        | 22.1MB,  379kB/s
[serve-stderr] Downloading bytes: █▍        | 22.2MB,  393kB/s
[serve-stderr] Downloading bytes: █▍        | 22.3MB,  414kB/s
[serve-stderr] Downloading bytes: █▍        | 22.3MB,  367kB/s
[serve-stderr] Downloading bytes: █▍        | 22.4MB,  347kB/s
[serve-stderr] Downloading bytes: █▍        | 22.5MB,  368kB/s
[serve-stderr] Downloading bytes: █▍        | 22.5MB,  455kB/s
[serve-stderr] Downloading bytes: █▌        | 22.6MB,  402kB/s
[serve-stderr] Downloading bytes: █▌        | 22.6MB,  445kB/s
[serve-stderr] Downloading bytes: █▌        | 22.7MB,  396kB/s
[serve-stderr] Downloading bytes: █▌        | 22.8MB,  363kB/s
[serve-stderr] Downloading bytes: █▌        | 22.8MB,  381kB/s
[serve-stderr] Downloading bytes: █▌        | 22.9MB,  399kB/s
[serve-stderr] Downloading bytes: █▌        | 22.9MB,  412kB/s
[serve-stderr] Downloading bytes: █▌        | 23.0MB,  423kB/s
[serve-stderr] Downloading bytes: █▌        | 23.0MB,  369kB/s
[serve-stderr] Downloading bytes: █▌        | 23.1MB,  347kB/s
[serve-stderr] Downloading bytes: █▌        | 23.2MB,  434kB/s
[serve-stderr] Downloading bytes: █▌        | 23.3MB,  414kB/s
[serve-stderr] Downloading bytes: █▌        | 23.4MB,  405kB/s
[serve-stderr] Downloading bytes: █▌        | 23.5MB,  396kB/s
[serve-stderr] Downloading bytes: █▌        | 23.5MB,  389kB/s
[serve-stderr] Downloading bytes: █▌        | 23.5MB,  400kB/s
[serve-stderr] Downloading bytes: █▌        | 23.6MB,  412kB/s
[serve-stderr] Downloading bytes: █▌        | 23.7MB,  369kB/s
[serve-stderr] Downloading bytes: █▌        | 23.7MB,  385kB/s
[serve-stderr] Downloading bytes: █▌        | 23.8MB,  399kB/s
[serve-stderr] Downloading bytes: █▌        | 23.9MB,  388kB/s
[serve-stderr] Downloading bytes: █▌        | 24.0MB,  414kB/s
[serve-stderr] Downloading bytes: █▌        | 24.0MB,  382kB/s
[serve-stderr] Downloading bytes: █▌        | 24.1MB,  395kB/s
[serve-stderr] Downloading bytes: █▌        | 24.1MB,  406kB/s
[serve-stderr] Downloading bytes: █▌        | 24.2MB,  416kB/s
[serve-stderr] Downloading bytes: █▌        | 24.3MB,  403kB/s
[serve-stderr] Downloading bytes: █▌        | 24.4MB,  392kB/s
[serve-stderr] Downloading bytes: █▌        | 24.4MB,  389kB/s
[serve-stderr] Downloading bytes: █▋        | 24.5MB,  362kB/s
[serve-stderr] Downloading bytes: █▋        | 24.6MB,  414kB/s
[serve-stderr] Downloading bytes: █▋        | 24.7MB,  424kB/s
[serve-stderr] Downloading bytes: █▋        | 24.7MB,  390kB/s
[serve-stderr] Downloading bytes: █▋        | 24.8MB,  402kB/s
[serve-stderr] Downloading bytes: █▋        | 24.9MB,  422kB/s
[serve-stderr] Downloading bytes: █▋        | 25.0MB,  432kB/s
[serve-stderr] Downloading bytes: █▋        | 25.1MB,  383kB/s
[serve-stderr] Downloading bytes: █▋        | 25.1MB,  409kB/s
[serve-stderr] Downloading bytes: █▋        | 25.2MB,  399kB/s
[serve-stderr] Downloading bytes: █▋        | 25.3MB,  408kB/s
[serve-stderr] Downloading bytes: █▋        | 25.3MB,  372kB/s
[serve-stderr] Downloading bytes: █▋        | 25.4MB,  387kB/s
[serve-stderr] Downloading bytes: █▋        | 25.4MB,  384kB/s
[serve-stderr] Downloading bytes: █▋        | 25.5MB,  400kB/s
[serve-stderr] Downloading bytes: █▋        | 25.6MB,  410kB/s
[serve-stderr] Downloading bytes: █▋        | 25.6MB,  402kB/s
[serve-stderr] Downloading bytes: █▋        | 25.7MB,  369kB/s
[serve-stderr] Downloading bytes: █▋        | 25.8MB,  389kB/s
[serve-stderr] Downloading bytes: █▋        | 25.9MB,  439kB/s
[serve-stderr] Downloading bytes: █▋        | 26.0MB,  417kB/s
[serve-stderr] Downloading bytes: █▋        | 26.0MB,  402kB/s
[serve-stderr] Downloading bytes: █▋        | 26.1MB,  374kB/s
[serve-stderr] Downloading bytes: █▋        | 26.1MB,  387kB/s
[serve-stderr] Downloading bytes: █▋        | 26.2MB,  406kB/s
[serve-stderr] Downloading bytes: █▋        | 26.2MB,  416kB/s
[serve-stderr] Downloading bytes: █▋        | 26.3MB,  368kB/s
[serve-stderr] Downloading bytes: █▊        | 26.3MB,  386kB/s
[serve-stderr] Downloading bytes: █▊        | 26.4MB,  402kB/s
[serve-stderr] Downloading bytes: █▊        | 26.5MB,  415kB/s
[serve-stderr] Downloading bytes: █▊        | 26.5MB,  401kB/s
[serve-stderr] Downloading bytes: █▊        | 26.6MB,  394kB/s
[serve-stderr] Downloading bytes: █▊        | 26.7MB,  413kB/s
[serve-stderr] Downloading bytes: █▊        | 26.8MB,  379kB/s
[serve-stderr] Downloading bytes: █▊        | 26.8MB,  377kB/s
[serve-stderr] Downloading bytes: █▊        | 26.9MB,  390kB/s
[serve-stderr] Downloading bytes: █▊        | 27.0MB,  385kB/s
[serve-stderr] Downloading bytes: █▊        | 27.0MB,  398kB/s
[serve-stderr] Downloading bytes: █▊        | 27.1MB,  411kB/s
[serve-stderr] Downloading bytes: █▊        | 27.2MB,  427kB/s
[serve-stderr] Downloading bytes: █▊        | 27.2MB,  405kB/s
[serve-stderr] Downloading bytes: █▊        | 27.3MB,  398kB/s
[serve-stderr] Downloading bytes: █▊        | 27.4MB,  364kB/s
[serve-stderr] Downloading bytes: █▊        | 27.4MB,  370kB/s
[serve-stderr] Downloading bytes: █▊        | 27.5MB,  384kB/s
[serve-stderr] Downloading bytes: █▊        | 27.6MB,  398kB/s
[serve-stderr] Downloading bytes: █▊        | 27.6MB,  394kB/s
[serve-stderr] Downloading bytes: █▊        | 27.7MB,  405kB/s
[serve-stderr] Downloading bytes: █▊        | 27.7MB,  417kB/s
[serve-stderr] Downloading bytes: █▊        | 27.8MB,  424kB/s
[serve-stderr] Downloading bytes: █▊        | 27.8MB,  340kB/s
[serve-stderr] Downloading bytes: █▊        | 27.9MB,  401kB/s
[serve-stderr] Downloading bytes: █▊        | 28.0MB,  456kB/s
[serve-stderr] Downloading bytes: █▊        | 28.0MB,  389kB/s
[serve-stderr] Downloading bytes: █▊        | 28.1MB,  403kB/s
[serve-stderr] Downloading bytes: █▊        | 28.1MB,  413kB/s
[serve-stderr] Downloading bytes: █▊        | 28.2MB,  340kB/s
[serve-stderr] Downloading bytes: █▉        | 28.2MB,  365kB/s
[serve-stderr] Downloading bytes: █▉        | 28.3MB,  422kB/s
[serve-stderr] Downloading bytes: █▉        | 28.3MB,  401kB/s
[serve-stderr] Downloading bytes: █▉        | 28.4MB,  412kB/s
[serve-stderr] Downloading bytes: █▉        | 28.5MB,  396kB/s
[serve-stderr] Downloading bytes: █▉        | 28.6MB,  411kB/s
[serve-stderr] Downloading bytes: █▉        | 28.6MB,  397kB/s
[serve-stderr] Downloading bytes: █▉        | 28.7MB,  393kB/s
[serve-stderr] Downloading bytes: █▉        | 28.8MB,  411kB/s
[serve-stderr] Downloading bytes: █▉        | 28.9MB,  404kB/s
[serve-stderr] Downloading bytes: █▉        | 29.0MB,  398kB/s
[serve-stderr] Downloading bytes: █▉        | 29.1MB,  390kB/s
[serve-stderr] Downloading bytes: █▉        | 29.1MB,  388kB/s
[serve-stderr] Downloading bytes: █▉        | 29.2MB,  399kB/s
[serve-stderr] Downloading bytes: █▉        | 29.3MB,  413kB/s
[serve-stderr] Downloading bytes: █▉        | 29.3MB,  399kB/s
[serve-stderr] Downloading bytes: █▉        | 29.4MB,  393kB/s
[serve-stderr] Downloading bytes: █▉        | 29.5MB,  386kB/s
[serve-stderr] Downloading bytes: █▉        | 29.5MB,  426kB/s
[serve-stderr] Downloading bytes: █▉        | 29.6MB,  436kB/s
[serve-stderr] Downloading bytes: █▉        | 29.7MB,  413kB/s
[serve-stderr] Downloading bytes: █▉        | 29.7MB,  402kB/s
[serve-stderr] Downloading bytes: █▉        | 29.8MB,  411kB/s
[serve-stderr] Downloading bytes: █▉        | 29.9MB,  401kB/s
[serve-stderr] Downloading bytes: █▉        | 29.9MB,  370kB/s
[serve-stderr] Downloading bytes: █▉        | 30.0MB,  386kB/s
[serve-stderr] Downloading bytes: █▉        | 30.1MB,  404kB/s
[serve-stderr] Downloading bytes: ██        | 30.1MB,  391kB/s
[serve-stderr] Downloading bytes: ██        | 30.2MB,  408kB/s
[serve-stderr] Downloading bytes: ██        | 30.2MB,  396kB/s
[serve-stderr] Downloading bytes: ██        | 30.3MB,  407kB/s
[serve-stderr] Downloading bytes: ██        | 30.4MB,  369kB/s
[serve-stderr] Downloading bytes: ██        | 30.4MB,  385kB/s
[serve-stderr] Downloading bytes: ██        | 30.5MB,  400kB/s
[serve-stderr] Downloading bytes: ██        | 30.5MB,  400kB/s
[serve-stderr] Downloading bytes: ██        | 30.6MB,  411kB/s
[serve-stderr] Downloading bytes: ██        | 30.7MB,  396kB/s
[serve-stderr] Downloading bytes: ██        | 30.8MB,  412kB/s
[serve-stderr] Downloading bytes: ██        | 30.8MB,  399kB/s
[serve-stderr] Downloading bytes: ██        | 30.9MB,  365kB/s
[serve-stderr] Downloading bytes: ██        | 30.9MB,  381kB/s
[serve-stderr] Downloading bytes: ██        | 31.0MB,  396kB/s
[serve-stderr] Downloading bytes: ██        | 31.1MB,  392kB/s
[serve-stderr] Downloading bytes: ██        | 31.2MB,  387kB/s
[serve-stderr] Downloading bytes: ██        | 31.2MB,  385kB/s
[serve-stderr] Downloading bytes: ██        | 31.3MB,  397kB/s
[serve-stderr] Downloading bytes: ██        | 31.4MB,  422kB/s
[serve-stderr] Downloading bytes: ██        | 31.4MB,  381kB/s
[serve-stderr] Downloading bytes: ██        | 31.5MB,  394kB/s
[serve-stderr] Downloading bytes: ██        | 31.6MB,  409kB/s
[serve-stderr] Downloading bytes: ██        | 31.6MB,  397kB/s
[serve-stderr] Downloading bytes: ██        | 31.7MB,  389kB/s
[serve-stderr] Downloading bytes: ██        | 31.8MB,  386kB/s
[serve-stderr] Downloading bytes: ██        | 31.9MB,  403kB/s
[serve-stderr] Downloading bytes: ██        | 31.9MB,  403kB/s
[serve-stderr] Downloading bytes: ██▏       | 32.0MB,  367kB/s
[serve-stderr] Downloading bytes: ██▏       | 32.0MB,  390kB/s
[serve-stderr] Downloading bytes: ██▏       | 32.1MB,  436kB/s
[serve-stderr] Downloading bytes: ██▏       | 32.2MB,  388kB/s
[serve-stderr] Downloading bytes: ██▏       | 32.3MB,  356kB/s
[serve-stderr] Downloading bytes: ██▏       | 32.4MB,  400kB/s
[serve-stderr] Downloading bytes: ██▏       | 32.5MB,  419kB/s
[serve-stderr] Downloading bytes: ██▏       | 32.6MB,  383kB/s
[serve-stderr] Downloading bytes: ██▏       | 32.7MB,  406kB/s
[serve-stderr] Downloading bytes: ██▏       | 32.7MB,  398kB/s
[serve-stderr] Downloading bytes: ██▏       | 32.8MB,  407kB/s
[serve-stderr] Downloading bytes: ██▏       | 32.8MB,  395kB/s
[serve-stderr] Downloading bytes: ██▏       | 32.9MB,  405kB/s
[serve-stderr] Downloading bytes: ██▏       | 33.0MB,  367kB/s
[serve-stderr] Downloading bytes: ██▏       | 33.0MB,  415kB/s
[serve-stderr] Downloading bytes: ██▏       | 33.1MB,  347kB/s
[serve-stderr] Downloading bytes: ██▏       | 33.2MB,  409kB/s
[serve-stderr] Downloading bytes: ██▏       | 33.3MB,  398kB/s
[serve-stderr] Downloading bytes: ██▏       | 33.3MB,  407kB/s
[serve-stderr] Downloading bytes: ██▏       | 33.4MB,  415kB/s
[serve-stderr] Downloading bytes: ██▏       | 33.4MB,  423kB/s
[serve-stderr] Downloading bytes: ██▏       | 33.5MB,  374kB/s
[serve-stderr] Downloading bytes: ██▏       | 33.5MB,  390kB/s
[serve-stderr] Downloading bytes: ██▏       | 33.6MB,  404kB/s
[serve-stderr] Downloading bytes: ██▏       | 33.7MB,  397kB/s
[serve-stderr] Downloading bytes: ██▏       | 33.7MB,  388kB/s
[serve-stderr] Downloading bytes: ██▏       | 33.8MB,  400kB/s
[serve-stderr] Downloading bytes: ██▎       | 33.9MB,  391kB/s
[serve-stderr] Downloading bytes: ██▎       | 34.0MB,  376kB/s
[serve-stderr] Downloading bytes: ██▎       | 34.0MB,  390kB/s
[serve-stderr] Downloading bytes: ██▎       | 34.1MB,  402kB/s
[serve-stderr] Downloading bytes: ██▎       | 34.2MB,  412kB/s
[serve-stderr] Downloading bytes: ██▎       | 34.2MB,  402kB/s
[serve-stderr] Downloading bytes: ██▎       | 34.3MB,  392kB/s
[serve-stderr] Downloading bytes: ██▎       | 34.3MB,  403kB/s
[serve-stderr] Downloading bytes: ██▎       | 34.4MB,  413kB/s
[serve-stderr] Downloading bytes: ██▎       | 34.5MB,  421kB/s
[serve-stderr] Downloading bytes: ██▎       | 34.5MB,  401kB/s
[serve-stderr] Downloading bytes: ██▎       | 34.6MB,  415kB/s
[serve-stderr] Downloading bytes: ██▎       | 34.7MB,  381kB/s
[serve-stderr] Downloading bytes: ██▎       | 34.8MB,  422kB/s
[serve-stderr] Downloading bytes: ██▎       | 34.9MB,  406kB/s
[serve-stderr] Downloading bytes: ██▎       | 35.0MB,  398kB/s
[serve-stderr] Downloading bytes: ██▎       | 35.0MB,  390kB/s
[serve-stderr] Downloading bytes: ██▎       | 35.1MB,  363kB/s
[serve-stderr] Downloading bytes: ██▎       | 35.1MB,  406kB/s
[serve-stderr] Downloading bytes: ██▎       | 35.2MB,  414kB/s
[serve-stderr] Downloading bytes: ██▎       | 35.2MB,  422kB/s
[serve-stderr] Downloading bytes: ██▎       | 35.3MB,  428kB/s
[serve-stderr] Downloading bytes: ██▎       | 35.3MB,  343kB/s
[serve-stderr] Downloading bytes: ██▎       | 35.4MB,  401kB/s
[serve-stderr] Downloading bytes: ██▎       | 35.5MB,  393kB/s
[serve-stderr] Downloading bytes: ██▎       | 35.6MB,  390kB/s
[serve-stderr] Downloading bytes: ██▎       | 35.6MB,  409kB/s
[serve-stderr] Downloading bytes: ██▍       | 35.7MB,  369kB/s
[serve-stderr] Downloading bytes: ██▍       | 35.8MB,  422kB/s
[serve-stderr] Downloading bytes: ██▍       | 35.9MB,  406kB/s
[serve-stderr] Downloading bytes: ██▍       | 36.0MB,  395kB/s
[serve-stderr] Downloading bytes: ██▍       | 36.0MB,  395kB/s
[serve-stderr] Downloading bytes: ██▍       | 36.1MB,  410kB/s
[serve-stderr] Downloading bytes: ██▍       | 36.1MB,  426kB/s
[serve-stderr] Downloading bytes: ██▍       | 36.2MB,  380kB/s
[serve-stderr] Downloading bytes: ██▍       | 36.2MB,  398kB/s
[serve-stderr] Downloading bytes: ██▍       | 36.3MB,  411kB/s
[serve-stderr] Downloading bytes: ██▍       | 36.5MB,  365kB/s
[serve-stderr] Downloading bytes: ██▍       | 36.5MB,  404kB/s
[serve-stderr] Downloading bytes: ██▍       | 36.6MB,  395kB/s
[serve-stderr] Downloading bytes: ██▍       | 36.7MB,  219kB/s
[serve-stderr] Downloading bytes: ██▍       | 36.7MB,  283kB/s
[serve-stderr] Downloading bytes: ██▍       | 36.8MB,  238kB/s
[serve-stderr] Downloading bytes: ██▍       | 36.9MB,  253kB/s
[serve-stderr] Downloading bytes: ██▍       | 36.9MB,  287kB/s
[serve-stderr] Downloading bytes: ██▍       | 37.1MB,  207kB/s
[serve-stderr] Downloading bytes: ██▍       | 37.2MB,  341kB/s
[serve-stderr] Downloading bytes: ██▍       | 37.3MB,  415kB/s
[serve-stderr] Downloading bytes: ██▍       | 37.4MB,  444kB/s
[serve-stderr] Downloading bytes: ██▍       | 37.5MB,  323kB/s
[serve-stderr] Downloading bytes: ██▍       | 37.6MB,  393kB/s
[serve-stderr] Downloading bytes: ██▌       | 37.7MB,  428kB/s
[serve-stderr] Downloading bytes: ██▌       | 37.7MB,  433kB/s
[serve-stderr] Downloading bytes: ██▌       | 37.8MB,  416kB/s
[serve-stderr] Downloading bytes: ██▌       | 37.8MB,  421kB/s
[serve-stderr] Downloading bytes: ██▌       | 37.9MB,  434kB/s
[serve-stderr] Downloading bytes: ██▌       | 37.9MB,  388kB/s
[serve-stderr] Downloading bytes: ██▌       | 38.0MB,  405kB/s
[serve-stderr] Downloading bytes: ██▌       | 38.0MB,  414kB/s
[serve-stderr] Downloading bytes: ██▌       | 38.1MB,  422kB/s
[serve-stderr] Downloading bytes: ██▌       | 38.2MB,  373kB/s
[serve-stderr] Downloading bytes: ██▌       | 38.2MB,  394kB/s
[serve-stderr] Downloading bytes: ██▌       | 38.3MB,  416kB/s
[serve-stderr] Downloading bytes: ██▌       | 38.4MB,  363kB/s
[serve-stderr] Downloading bytes: ██▌       | 38.4MB,  308kB/s
[serve-stderr] Downloading bytes: ██▌       | 38.5MB,  288kB/s
[serve-stderr] Downloading bytes: ██▌       | 38.5MB,  270kB/s
[serve-stderr] Downloading bytes: ██▌       | 38.6MB,  180kB/s
[serve-stderr] Downloading bytes: ██▌       | 38.7MB,  214kB/s
[serve-stderr] Downloading bytes: ██▌       | 38.7MB,  273kB/s
[serve-stderr] Downloading bytes: ██▌       | 38.8MB,  196kB/s
[serve-stderr] Downloading bytes: ██▌       | 38.9MB,  139kB/s
[serve-stderr] Downloading bytes: ██▌       | 38.9MB,  217kB/s
[serve-stderr] Downloading bytes: ██▌       | 39.0MB,  228kB/s
[serve-stderr] Downloading bytes: ██▌       | 39.0MB,  284kB/s
[serve-stderr] Downloading bytes: ██▌       | 39.1MB,  314kB/s
[serve-stderr] Downloading bytes: ██▌       | 39.1MB,  344kB/s
[serve-stderr] Downloading bytes: ██▌       | 39.2MB,  369kB/s
[serve-stderr] Downloading bytes: ██▌       | 39.3MB,  388kB/s
[serve-stderr] Downloading bytes: ██▌       | 39.3MB,  412kB/s
[serve-stderr] Downloading bytes: ██▌       | 39.4MB,  369kB/s
[serve-stderr] Downloading bytes: ██▌       | 39.4MB,  319kB/s
[serve-stderr] Downloading bytes: ██▋       | 39.5MB,  312kB/s
[serve-stderr] Downloading bytes: ██▋       | 39.5MB,  244kB/s
[serve-stderr] Downloading bytes: ██▋       | 39.6MB,  256kB/s
[serve-stderr] Downloading bytes: ██▋       | 39.7MB,  192kB/s
[serve-stderr] Downloading bytes: ██▋       | 39.7MB,  187kB/s
[serve-stderr] Downloading bytes: ██▋       | 39.7MB,  173kB/s
[serve-stderr] Downloading bytes: ██▋       | 39.8MB,  187kB/s
[serve-stderr] Downloading bytes: ██▋       | 39.9MB,  160kB/s
[serve-stderr] Downloading bytes: ██▋       | 39.9MB,  253kB/s
[serve-stderr] Downloading bytes: ██▋       | 40.0MB,  195kB/s
[serve-stderr] Downloading bytes: ██▋       | 40.1MB,  268kB/s
[serve-stderr] Downloading bytes: ██▋       | 40.2MB,  227kB/s
[serve-stderr] Downloading bytes: ██▋       | 40.3MB,  261kB/s
[serve-stderr] Downloading bytes: ██▋       | 40.3MB,  289kB/s
[serve-stderr] Downloading bytes: ██▋       | 40.4MB,  317kB/s
[serve-stderr] Downloading bytes: ██▋       | 40.5MB,  336kB/s
[serve-stderr] Downloading bytes: ██▋       | 40.5MB,  281kB/s
[serve-stderr] Downloading bytes: ██▋       | 40.6MB,  288kB/s
[serve-stderr] Downloading bytes: ██▋       | 40.6MB,  270kB/s
[serve-stderr] Downloading bytes: ██▋       | 40.7MB,  276kB/s
[serve-stderr] Downloading bytes: ██▋       | 40.7MB,  258kB/s
[serve-stderr] Downloading bytes: ██▋       | 40.7MB,  294kB/s
[serve-stderr] Downloading bytes: ██▋       | 40.8MB,  273kB/s
[serve-stderr] Downloading bytes: ██▋       | 40.8MB,  260kB/s
[serve-stderr] Downloading bytes: ██▋       | 40.9MB,  296kB/s
[serve-stderr] Downloading bytes: ██▋       | 40.9MB,  272kB/s
[serve-stderr] Downloading bytes: ██▋       | 41.0MB,  259kB/s
[serve-stderr] Downloading bytes: ██▋       | 41.0MB,  268kB/s
[serve-stderr] Downloading bytes: ██▋       | 41.0MB,  227kB/s
[serve-stderr] Downloading bytes: ██▋       | 41.1MB,  200kB/s
[serve-stderr] Downloading bytes: ██▋       | 41.1MB,  221kB/s
[serve-stderr] Downloading bytes: ██▋       | 41.2MB,  275kB/s
[serve-stderr] Downloading bytes: ██▋       | 41.2MB,  324kB/s
[serve-stderr] Downloading bytes: ██▋       | 41.3MB,  356kB/s
[serve-stderr] Downloading bytes: ██▊       | 41.4MB,  367kB/s
[serve-stderr] Downloading bytes: ██▊       | 41.4MB,  341kB/s
[serve-stderr] Downloading bytes: ██▊       | 41.5MB,  367kB/s
[serve-stderr] Downloading bytes: ██▊       | 41.5MB,  385kB/s
[serve-stderr] Downloading bytes: ██▊       | 41.6MB,  404kB/s
[serve-stderr] Downloading bytes: ██▊       | 41.7MB,  392kB/s
[serve-stderr] Downloading bytes: ██▊       | 41.7MB,  405kB/s
[serve-stderr] Downloading bytes: ██▊       | 41.8MB,  391kB/s
[serve-stderr] Downloading bytes: ██▊       | 41.9MB,  385kB/s
[serve-stderr] Downloading bytes: ██▊       | 41.9MB,  383kB/s
[serve-stderr] Downloading bytes: ██▊       | 42.0MB,  398kB/s
[serve-stderr] Downloading bytes: ██▊       | 42.1MB,  390kB/s
[serve-stderr] Downloading bytes: ██▊       | 42.2MB,  364kB/s
[serve-stderr] Downloading bytes: ██▊       | 42.2MB,  374kB/s
[serve-stderr] Downloading bytes: ██▊       | 42.3MB,  349kB/s
[serve-stderr] Downloading bytes: ██▊       | 42.4MB,  361kB/s
[serve-stderr] Downloading bytes: ██▊       | 42.5MB,  370kB/s
[serve-stderr] Downloading bytes: ██▊       | 42.5MB,  354kB/s
[serve-stderr] Downloading bytes: ██▊       | 42.6MB,  373kB/s
[serve-stderr] Downloading bytes: ██▊       | 42.6MB,  424kB/s
[serve-stderr] Downloading bytes: ██▊       | 42.7MB,  378kB/s
[serve-stderr] Downloading bytes: ██▊       | 42.8MB,  395kB/s
[serve-stderr] Downloading bytes: ██▊       | 42.9MB,  391kB/s
[serve-stderr] Downloading bytes: ██▊       | 42.9MB,  392kB/s
[serve-stderr] Downloading bytes: ██▊       | 43.0MB,  411kB/s
[serve-stderr] Downloading bytes: ██▊       | 43.1MB,  396kB/s
[serve-stderr] Downloading bytes: ██▊       | 43.1MB,  392kB/s
[serve-stderr] Downloading bytes: ██▊       | 43.2MB,  404kB/s
[serve-stderr] Downloading bytes: ██▉       | 43.3MB,  395kB/s
[serve-stderr] Downloading bytes: ██▉       | 43.4MB,  389kB/s
[serve-stderr] Downloading bytes: ██▉       | 43.5MB,  410kB/s
[serve-stderr] Downloading bytes: ██▉       | 43.5MB,  398kB/s
[serve-stderr] Downloading bytes: ██▉       | 43.6MB,  411kB/s
[serve-stderr] Downloading bytes: ██▉       | 43.6MB,  378kB/s
[serve-stderr] Downloading bytes: ██▉       | 43.7MB,  393kB/s
[serve-stderr] Downloading bytes: ██▉       | 43.7MB,  365kB/s
[serve-stderr] Downloading bytes: ██▉       | 43.8MB,  383kB/s
[serve-stderr] Downloading bytes: ██▉       | 43.9MB,  326kB/s
[serve-stderr] Downloading bytes: ██▉       | 43.9MB,  383kB/s
[serve-stderr] Downloading bytes: ██▉       | 44.0MB,  379kB/s
[serve-stderr] Downloading bytes: ██▉       | 44.1MB,  376kB/s
[serve-stderr] Downloading bytes: ██▉       | 44.2MB,  400kB/s
[serve-stderr] Downloading bytes: ██▉       | 44.3MB,  394kB/s
[serve-stderr] Downloading bytes: ██▉       | 44.3MB,  366kB/s
[serve-stderr] Downloading bytes: ██▉       | 44.4MB,  383kB/s
[serve-stderr] Downloading bytes: ██▉       | 44.5MB,  397kB/s
[serve-stderr] Downloading bytes: ██▉       | 44.5MB,  396kB/s
[serve-stderr] Downloading bytes: ██▉       | 44.6MB,  390kB/s
[serve-stderr] Downloading bytes: ██▉       | 44.7MB,  392kB/s
[serve-stderr] Downloading bytes: ██▉       | 44.7MB,  391kB/s
[serve-stderr] Downloading bytes: ██▉       | 44.8MB,  402kB/s
[serve-stderr] Downloading bytes: ██▉       | 44.9MB,  419kB/s
[serve-stderr] Downloading bytes: ██▉       | 44.9MB,  404kB/s
[serve-stderr] Downloading bytes: ██▉       | 45.0MB,  369kB/s
[serve-stderr] Downloading bytes: ██▉       | 45.1MB,  373kB/s
[serve-stderr] Downloading bytes: ███       | 45.1MB,  389kB/s
[serve-stderr] Downloading bytes: ███       | 45.2MB,  356kB/s
[serve-stderr] Downloading bytes: ███       | 45.2MB,  375kB/s
[serve-stderr] Downloading bytes: ███       | 45.3MB,  391kB/s
[serve-stderr] Downloading bytes: ███       | 45.4MB,  404kB/s
[serve-stderr] Downloading bytes: ███       | 45.4MB,  391kB/s
[serve-stderr] Downloading bytes: ███       | 45.5MB,  360kB/s
[serve-stderr] Downloading bytes: ███       | 45.6MB,  365kB/s
[serve-stderr] Downloading bytes: ███       | 45.6MB,  412kB/s
[serve-stderr] Downloading bytes: ███       | 45.7MB,  370kB/s
[serve-stderr] Downloading bytes: ███       | 45.8MB,  401kB/s
[serve-stderr] Downloading bytes: ███       | 45.9MB,  395kB/s
[serve-stderr] Downloading bytes: ███       | 46.0MB,  389kB/s
[serve-stderr] Downloading bytes: ███       | 46.0MB,  401kB/s
[serve-stderr] Downloading bytes: ███       | 46.1MB,  391kB/s
[serve-stderr] Downloading bytes: ███       | 46.1MB,  402kB/s
[serve-stderr] Downloading bytes: ███       | 46.2MB,  339kB/s
[serve-stderr] Downloading bytes: ███       | 46.3MB,  392kB/s
[serve-stderr] Downloading bytes: ███       | 46.3MB,  329kB/s
[serve-stderr] Downloading bytes: ███       | 46.4MB,  354kB/s
[serve-stderr] Downloading bytes: ███       | 46.4MB,  409kB/s
[serve-stderr] Downloading bytes: ███       | 46.5MB,  365kB/s
[serve-stderr] Downloading bytes: ███       | 46.6MB,  416kB/s
[serve-stderr] Downloading bytes: ███       | 46.7MB,  370kB/s
[serve-stderr] Downloading bytes: ███       | 46.7MB,  397kB/s
[serve-stderr] Downloading bytes: ███       | 46.8MB,  346kB/s
[serve-stderr] Downloading bytes: ███       | 46.8MB,  330kB/s
[serve-stderr] Downloading bytes: ███       | 46.9MB,  384kB/s
[serve-stderr] Downloading bytes: ███       | 47.0MB,  437kB/s
[serve-stderr] Downloading bytes: ███▏      | 47.1MB,  420kB/s
[serve-stderr] Downloading bytes: ███▏      | 47.1MB,  384kB/s
[serve-stderr] Downloading bytes: ███▏      | 47.2MB,  400kB/s
[serve-stderr] Downloading bytes: ███▏      | 47.2MB,  373kB/s
[serve-stderr] Downloading bytes: ███▏      | 47.3MB,  388kB/s
[serve-stderr] Downloading bytes: ███▏      | 47.3MB,  358kB/s
[serve-stderr] Downloading bytes: ███▏      | 47.4MB,  383kB/s
[serve-stderr] Downloading bytes: ███▏      | 47.5MB,  296kB/s
[serve-stderr] Downloading bytes: ███▏      | 47.5MB,  324kB/s
[serve-stderr] Downloading bytes: ███▏      | 47.6MB,  318kB/s
[serve-stderr] Downloading bytes: ███▏      | 47.6MB,  314kB/s
[serve-stderr] Downloading bytes: ███▏      | 47.7MB,  289kB/s
[serve-stderr] Downloading bytes: ███▏      | 47.7MB,  293kB/s
[serve-stderr] Downloading bytes: ███▏      | 47.7MB,  294kB/s
[serve-stderr] Downloading bytes: ███▏      | 47.8MB,  295kB/s
[serve-stderr] Downloading bytes: ███▏      | 47.8MB,  295kB/s
[serve-stderr] Downloading bytes: ███▏      | 47.8MB,  300kB/s
[serve-stderr] Downloading bytes: ███▏      | 47.9MB,  299kB/s
[serve-stderr] Downloading bytes: ███▏      | 47.9MB,  341kB/s
[serve-stderr] Downloading bytes: ███▏      | 48.0MB,  289kB/s
[serve-stderr] Downloading bytes: ███▏      | 48.1MB,  327kB/s
[serve-stderr] Downloading bytes: ███▏      | 48.1MB,  352kB/s
[serve-stderr] Downloading bytes: ███▏      | 48.2MB,  374kB/s
[serve-stderr] Downloading bytes: ███▏      | 48.2MB,  347kB/s
[serve-stderr] Downloading bytes: ███▏      | 48.3MB,  336kB/s
[serve-stderr] Downloading bytes: ███▏      | 48.4MB,  359kB/s
[serve-stderr] Downloading bytes: ███▏      | 48.4MB,  339kB/s
[serve-stderr] Downloading bytes: ███▏      | 48.5MB,  362kB/s
[serve-stderr] Downloading bytes: ███▏      | 48.5MB,  369kB/s
[serve-stderr] Downloading bytes: ███▏      | 48.6MB,  320kB/s
[serve-stderr] Downloading bytes: ███▏      | 48.6MB,  315kB/s
[serve-stderr] Downloading bytes: ███▏      | 48.7MB,  345kB/s
[serve-stderr] Downloading bytes: ███▏      | 48.8MB,  305kB/s
[serve-stderr] Downloading bytes: ███▏      | 48.8MB,  306kB/s
[serve-stderr] Downloading bytes: ███▏      | 48.8MB,  305kB/s
[serve-stderr] Downloading bytes: ███▎      | 48.9MB,  337kB/s
[serve-stderr] Downloading bytes: ███▎      | 49.0MB,  367kB/s
[serve-stderr] Downloading bytes: ███▎      | 49.0MB,  340kB/s
[serve-stderr] Downloading bytes: ███▎      | 49.1MB,  364kB/s
[serve-stderr] Downloading bytes: ███▎      | 49.2MB,  341kB/s
[serve-stderr] Downloading bytes: ███▎      | 49.2MB,  354kB/s
[serve-stderr] Downloading bytes: ███▎      | 49.3MB,  337kB/s
[serve-stderr] Downloading bytes: ███▎      | 49.3MB,  358kB/s
[serve-stderr] Downloading bytes: ███▎      | 49.4MB,  336kB/s
[serve-stderr] Downloading bytes: ███▎      | 49.4MB,  364kB/s
[serve-stderr] Downloading bytes: ███▎      | 49.5MB,  312kB/s
[serve-stderr] Downloading bytes: ███▎      | 49.5MB,  340kB/s
[serve-stderr] Downloading bytes: ███▎      | 49.6MB,  369kB/s
[serve-stderr] Downloading bytes: ███▎      | 49.6MB,  346kB/s
[serve-stderr] Downloading bytes: ███▎      | 49.7MB,  368kB/s
[serve-stderr] Downloading bytes: ███▎      | 49.8MB,  374kB/s
[serve-stderr] Downloading bytes: ███▎      | 49.9MB,  394kB/s
[serve-stderr] Downloading bytes: ███▎      | 49.9MB,  385kB/s
[serve-stderr] Downloading bytes: ███▎      | 50.0MB,  385kB/s
[serve-stderr] Downloading bytes: ███▎      | 50.1MB,  362kB/s
[serve-stderr] Downloading bytes: ███▎      | 50.1MB,  379kB/s
[serve-stderr] Downloading bytes: ███▎      | 50.2MB,  377kB/s
[serve-stderr] Downloading bytes: ███▎      | 50.2MB,  391kB/s
[serve-stderr] Downloading bytes: ███▎      | 50.3MB,  404kB/s
[serve-stderr] Downloading bytes: ███▎      | 50.4MB,  396kB/s
[serve-stderr] Downloading bytes: ███▎      | 50.5MB,  389kB/s
[serve-stderr] Downloading bytes: ███▎      | 50.5MB,  368kB/s
[serve-stderr] Downloading bytes: ███▎      | 50.6MB,  385kB/s
[serve-stderr] Downloading bytes: ███▎      | 50.7MB,  388kB/s
[serve-stderr] Downloading bytes: ███▎      | 50.7MB,  363kB/s
[serve-stderr] Downloading bytes: ███▍      | 50.8MB,  385kB/s
[serve-stderr] Downloading bytes: ███▍      | 50.8MB,  391kB/s
[serve-stderr] Downloading bytes: ███▍      | 50.9MB,  402kB/s
[serve-stderr] Downloading bytes: ███▍      | 51.0MB,  415kB/s
[serve-stderr] Downloading bytes: ███▍      | 51.0MB,  373kB/s
[serve-stderr] Downloading bytes: ███▍      | 51.1MB,  391kB/s
[serve-stderr] Downloading bytes: ███▍      | 51.2MB,  413kB/s
[serve-stderr] Downloading bytes: ███▍      | 51.2MB,  373kB/s
[serve-stderr] Downloading bytes: ███▍      | 51.3MB,  388kB/s
[serve-stderr] Downloading bytes: ███▍      | 51.4MB,  386kB/s
[serve-stderr] Downloading bytes: ███▍      | 51.4MB,  362kB/s
[serve-stderr] Downloading bytes: ███▍      | 51.5MB,  380kB/s
[serve-stderr] Downloading bytes: ███▍      | 51.5MB,  356kB/s
[serve-stderr] Downloading bytes: ███▍      | 51.6MB,  376kB/s
[serve-stderr] Downloading bytes: ███▍      | 51.7MB,  353kB/s
[serve-stderr] Downloading bytes: ███▍      | 51.7MB,  333kB/s
[serve-stderr] Downloading bytes: ███▍      | 51.8MB,  356kB/s
[serve-stderr] Downloading bytes: ███▍      | 51.8MB,  336kB/s
[serve-stderr] Downloading bytes: ███▍      | 51.9MB,  390kB/s
[serve-stderr] Downloading bytes: ███▍      | 52.0MB,  384kB/s
[serve-stderr] Downloading bytes: ███▍      | 52.1MB,  385kB/s
[serve-stderr] Downloading bytes: ███▍      | 52.2MB,  359kB/s
[serve-stderr] Downloading bytes: ███▍      | 52.2MB,  369kB/s
[serve-stderr] Downloading bytes: ███▍      | 52.3MB,  323kB/s
[serve-stderr] Downloading bytes: ███▍      | 52.3MB,  318kB/s
[serve-stderr] Downloading bytes: ███▍      | 52.3MB,  265kB/s
[serve-stderr] Downloading bytes: ███▍      | 52.4MB,  271kB/s
[serve-stderr] Downloading bytes: ███▍      | 52.4MB,  256kB/s
[serve-stderr] Downloading bytes: ███▍      | 52.4MB,  264kB/s
[serve-stderr] Downloading bytes: ███▍      | 52.5MB,  276kB/s
[serve-stderr] Downloading bytes: ███▍      | 52.6MB,  317kB/s
[serve-stderr] Downloading bytes: ███▍      | 52.6MB,  312kB/s
[serve-stderr] Downloading bytes: ███▍      | 52.6MB,  311kB/s
[serve-stderr] Downloading bytes: ███▌      | 52.7MB,  314kB/s
[serve-stderr] Downloading bytes: ███▌      | 52.7MB,  309kB/s
[serve-stderr] Downloading bytes: ███▌      | 52.7MB,  272kB/s
[serve-stderr] Downloading bytes: ███▌      | 52.8MB,  278kB/s
[serve-stderr] Downloading bytes: ███▌      | 52.8MB,  321kB/s
[serve-stderr] Downloading bytes: ███▌      | 52.9MB,  280kB/s
[serve-stderr] Downloading bytes: ███▌      | 53.0MB,  318kB/s
[serve-stderr] Downloading bytes: ███▌      | 53.1MB,  370kB/s
[serve-stderr] Downloading bytes: ███▌      | 53.1MB,  350kB/s
[serve-stderr] Downloading bytes: ███▌      | 53.1MB,  263kB/s
[serve-stderr] Downloading bytes: ███▌      | 53.2MB,  269kB/s
[serve-stderr] Downloading bytes: ███▌      | 53.2MB,  305kB/s
[serve-stderr] Downloading bytes: ███▌      | 53.3MB,  336kB/s
[serve-stderr] Downloading bytes: ███▌      | 53.3MB,  362kB/s
[serve-stderr] Downloading bytes: ███▌      | 53.4MB,  314kB/s
[serve-stderr] Downloading bytes: ███▌      | 53.4MB,  280kB/s
[serve-stderr] Downloading bytes: ███▌      | 53.4MB,  285kB/s
[serve-stderr] Downloading bytes: ███▌      | 53.5MB,  289kB/s
[serve-stderr] Downloading bytes: ███▌      | 53.6MB,  268kB/s
[serve-stderr] Downloading bytes: ███▌      | 53.6MB,  284kB/s
[serve-stderr] Downloading bytes: ███▌      | 53.6MB,  265kB/s
[serve-stderr] Downloading bytes: ███▌      | 53.7MB,  272kB/s
[serve-stderr] Downloading bytes: ███▌      | 53.7MB,  278kB/s
[serve-stderr] Downloading bytes: ███▌      | 53.8MB,  229kB/s
[serve-stderr] Downloading bytes: ███▌      | 53.8MB,  279kB/s
[serve-stderr] Downloading bytes: ███▌      | 53.9MB,  257kB/s
[serve-stderr] Downloading bytes: ███▌      | 53.9MB,  247kB/s
[serve-stderr] Downloading bytes: ███▌      | 53.9MB,  216kB/s
[serve-stderr] Downloading bytes: ███▌      | 54.0MB,  196kB/s
[serve-stderr] Downloading bytes: ███▌      | 54.0MB,  206kB/s
[serve-stderr] Downloading bytes: ███▌      | 54.1MB,  188kB/s
[serve-stderr] Downloading bytes: ███▌      | 54.1MB,  201kB/s
[serve-stderr] Downloading bytes: ███▌      | 54.1MB,  185kB/s
[serve-stderr] Downloading bytes: ███▌      | 54.1MB,  151kB/s
[serve-stderr] Downloading bytes: ███▌      | 54.2MB,  131kB/s
[serve-stderr] Downloading bytes: ███▌      | 54.2MB,  134kB/s
[serve-stderr] Downloading bytes: ███▌      | 54.2MB,  137kB/s
[serve-stderr] Downloading bytes: ███▌      | 54.2MB,  118kB/s
[serve-stderr] Downloading bytes: ███▌      | 54.2MB,  155kB/s
[serve-stderr] Downloading bytes: ███▌      | 54.3MB, 99.4kB/s
[serve-stderr] Downloading bytes: ███▌      | 54.3MB,  113kB/s
[serve-stderr] Downloading bytes: ███▌      | 54.3MB,  119kB/s
[serve-stderr] Downloading bytes: ███▌      | 54.3MB,  107kB/s
[serve-stderr] Downloading bytes: ███▌      | 54.3MB,  115kB/s
[serve-stderr] Downloading bytes: ███▌      | 54.4MB,  122kB/s
[serve-stderr] Downloading bytes: ███▌      | 54.4MB,  162kB/s
[serve-stderr] Downloading bytes: ███▌      | 54.5MB,  162kB/s
[serve-stderr] Downloading bytes: ███▌      | 54.5MB,  156kB/s
[serve-stderr] Downloading bytes: ███▌      | 54.5MB,  135kB/s
[serve-stderr] Downloading bytes: ███▋      | 54.5MB,  118kB/s
[serve-stderr] Downloading bytes: ███▋      | 54.6MB,  148kB/s
[serve-stderr] Downloading bytes: ███▋      | 54.6MB,  205kB/s
[serve-stderr] Downloading bytes: ███▋      | 54.7MB,  225kB/s
[serve-stderr] Downloading bytes: ███▋      | 54.7MB,  244kB/s
[serve-stderr] Downloading bytes: ███▋      | 54.8MB,  297kB/s
[serve-stderr] Downloading bytes: ███▋      | 54.8MB,  336kB/s
[serve-stderr] Downloading bytes: ███▋      | 54.9MB,  326kB/s
[serve-stderr] Downloading bytes: ███▋      | 54.9MB,  355kB/s
[serve-stderr] Downloading bytes: ███▋      | 55.0MB,  342kB/s
[serve-stderr] Downloading bytes: ███▋      | 55.1MB,  366kB/s
[serve-stderr] Downloading bytes: ███▋      | 55.1MB,  342kB/s
[serve-stderr] Downloading bytes: ███▋      | 55.2MB,  354kB/s
[serve-stderr] Downloading bytes: ███▋      | 55.2MB,  373kB/s
[serve-stderr] Downloading bytes: ███▋      | 55.3MB,  353kB/s
[serve-stderr] Downloading bytes: ███▋      | 55.3MB,  373kB/s
[serve-stderr] Downloading bytes: ███▋      | 55.4MB,  398kB/s
[serve-stderr] Downloading bytes: ███▋      | 55.5MB,  394kB/s
[serve-stderr] Downloading bytes: ███▋      | 55.6MB,  387kB/s
[serve-stderr] Downloading bytes: ███▋      | 55.6MB,  407kB/s
[serve-stderr] Downloading bytes: ███▋      | 55.7MB,  371kB/s
[serve-stderr] Downloading bytes: ███▋      | 55.8MB,  377kB/s
[serve-stderr] Downloading bytes: ███▋      | 55.8MB,  351kB/s
[serve-stderr] Downloading bytes: ███▋      | 55.9MB,  369kB/s
[serve-stderr] Downloading bytes: ███▋      | 56.0MB,  375kB/s
[serve-stderr] Downloading bytes: ███▋      | 56.1MB,  376kB/s
[serve-stderr] Downloading bytes: ███▋      | 56.1MB,  356kB/s
[serve-stderr] Downloading bytes: ███▋      | 56.2MB,  364kB/s
[serve-stderr] Downloading bytes: ███▋      | 56.2MB,  347kB/s
[serve-stderr] Downloading bytes: ███▋      | 56.3MB,  366kB/s
[serve-stderr] Downloading bytes: ███▋      | 56.4MB,  316kB/s
[serve-stderr] Downloading bytes: ███▋      | 56.4MB,  314kB/s
[serve-stderr] Downloading bytes: ███▊      | 56.4MB,  311kB/s
[serve-stderr] Downloading bytes: ███▊      | 56.5MB,  308kB/s
[serve-stderr] Downloading bytes: ███▊      | 56.5MB,  306kB/s
[serve-stderr] Downloading bytes: ███▊      | 56.5MB,  310kB/s
[serve-stderr] Downloading bytes: ███▊      | 56.6MB,  273kB/s
[serve-stderr] Downloading bytes: ███▊      | 56.6MB,  282kB/s
[serve-stderr] Downloading bytes: ███▊      | 56.6MB,  287kB/s
[serve-stderr] Downloading bytes: ███▊      | 56.7MB,  297kB/s
[serve-stderr] Downloading bytes: ███▊      | 56.7MB,  301kB/s
[serve-stderr] Downloading bytes: ███▊      | 56.8MB,  300kB/s
[serve-stderr] Downloading bytes: ███▊      | 56.8MB,  303kB/s
[serve-stderr] Downloading bytes: ███▊      | 56.9MB,  306kB/s
[serve-stderr] Downloading bytes: ███▊      | 57.0MB,  346kB/s
[serve-stderr] Downloading bytes: ███▊      | 57.0MB,  395kB/s
[serve-stderr] Downloading bytes: ███▊      | 57.1MB,  363kB/s
[serve-stderr] Downloading bytes: ███▊      | 57.1MB,  369kB/s
[serve-stderr] Downloading bytes: ███▊      | 57.2MB,  386kB/s
[serve-stderr] Downloading bytes: ███▊      | 57.3MB,  383kB/s
[serve-stderr] Downloading bytes: ███▊      | 57.3MB,  399kB/s
[serve-stderr] Downloading bytes: ███▊      | 57.4MB,  363kB/s
[serve-stderr] Downloading bytes: ███▊      | 57.5MB,  383kB/s
[serve-stderr] Downloading bytes: ███▊      | 57.5MB,  385kB/s
[serve-stderr] Downloading bytes: ███▊      | 57.6MB,  357kB/s
[serve-stderr] Downloading bytes: ███▊      | 57.7MB,  375kB/s
[serve-stderr] Downloading bytes: ███▊      | 57.7MB,  348kB/s
[serve-stderr] Downloading bytes: ███▊      | 57.8MB,  330kB/s
[serve-stderr] Downloading bytes: ███▊      | 57.8MB,  359kB/s
[serve-stderr] Downloading bytes: ███▊      | 57.9MB,  338kB/s
[serve-stderr] Downloading bytes: ███▊      | 58.0MB,  326kB/s
[serve-stderr] Downloading bytes: ███▊      | 58.0MB,  351kB/s
[serve-stderr] Downloading bytes: ███▊      | 58.1MB,  334kB/s
[serve-stderr] Downloading bytes: ███▊      | 58.1MB,  322kB/s
[serve-stderr] Downloading bytes: ███▊      | 58.2MB,  349kB/s
[serve-stderr] Downloading bytes: ███▊      | 58.3MB,  338kB/s
[serve-stderr] Downloading bytes: ███▉      | 58.3MB,  302kB/s
[serve-stderr] Downloading bytes: ███▉      | 58.3MB,  304kB/s
[serve-stderr] Downloading bytes: ███▉      | 58.4MB,  303kB/s
[serve-stderr] Downloading bytes: ███▉      | 58.4MB,  302kB/s
[serve-stderr] Downloading bytes: ███▉      | 58.5MB,  302kB/s
[serve-stderr] Downloading bytes: ███▉      | 58.5MB,  272kB/s
[serve-stderr] Downloading bytes: ███▉      | 58.5MB,  278kB/s
[serve-stderr] Downloading bytes: ███▉      | 58.6MB,  259kB/s
[serve-stderr] Downloading bytes: ███▉      | 58.6MB,  267kB/s
[serve-stderr] Downloading bytes: ███▉      | 58.7MB,  255kB/s
[serve-stderr] Downloading bytes: ███▉      | 58.7MB,  267kB/s
[serve-stderr] Downloading bytes: ███▉      | 58.7MB,  275kB/s
[serve-stderr] Downloading bytes: ███▉      | 58.8MB,  254kB/s
[serve-stderr] Downloading bytes: ███▉      | 58.8MB,  301kB/s
[serve-stderr] Downloading bytes: ███▉      | 58.9MB,  270kB/s
[serve-stderr] Downloading bytes: ███▉      | 58.9MB,  310kB/s
[serve-stderr] Downloading bytes: ███▉      | 59.0MB,  283kB/s
[serve-stderr] Downloading bytes: ███▉      | 59.1MB,  320kB/s
[serve-stderr] Downloading bytes: ███▉      | 59.1MB,  312kB/s
[serve-stderr] Downloading bytes: ███▉      | 59.2MB,  311kB/s
[serve-stderr] Downloading bytes: ███▉      | 59.2MB,  283kB/s
[serve-stderr] Downloading bytes: ███▉      | 59.3MB,  315kB/s
[serve-stderr] Downloading bytes: ███▉      | 59.3MB,  312kB/s
[serve-stderr] Downloading bytes: ███▉      | 59.4MB,  308kB/s
[serve-stderr] Downloading bytes: ███▉      | 59.4MB,  307kB/s
[serve-stderr] Downloading bytes: ███▉      | 59.5MB,  305kB/s
[serve-stderr] Downloading bytes: ███▉      | 59.5MB,  276kB/s
[serve-stderr] Downloading bytes: ███▉      | 59.5MB,  281kB/s
[serve-stderr] Downloading bytes: ███▉      | 59.6MB,  231kB/s
[serve-stderr] Downloading bytes: ███▉      | 59.6MB,  310kB/s
[serve-stderr] Downloading bytes: ███▉      | 59.7MB,  281kB/s
[serve-stderr] Downloading bytes: ███▉      | 59.7MB,  287kB/s
[serve-stderr] Downloading bytes: ███▉      | 59.8MB,  289kB/s
[serve-stderr] Downloading bytes: ███▉      | 59.8MB,  265kB/s
[serve-stderr] Downloading bytes: ███▉      | 59.9MB,  272kB/s
[serve-stderr] Downloading bytes: ███▉      | 59.9MB,  314kB/s
[serve-stderr] Downloading bytes: ███▉      | 60.0MB,  261kB/s
[serve-stderr] Downloading bytes: ███▉      | 60.0MB,  269kB/s
[serve-stderr] Downloading bytes: ███▉      | 60.0MB,  277kB/s
[serve-stderr] Downloading bytes: ███▉      | 60.1MB,  285kB/s
[serve-stderr] Downloading bytes: ███▉      | 60.1MB,  294kB/s
[serve-stderr] Downloading bytes: ████      | 60.2MB,  240kB/s
[serve-stderr] Downloading bytes: ████      | 60.2MB,  238kB/s
[serve-stderr] Downloading bytes: ████      | 60.3MB,  259kB/s
[serve-stderr] Downloading bytes: ████      | 60.3MB,  267kB/s
[serve-stderr] Downloading bytes: ████      | 60.4MB,  279kB/s
[serve-stderr] Downloading bytes: ████      | 60.4MB,  257kB/s
[serve-stderr] Downloading bytes: ████      | 60.4MB,  246kB/s
[serve-stderr] Downloading bytes: ████      | 60.5MB,  258kB/s
[serve-stderr] Downloading bytes: ████      | 60.5MB,  271kB/s
[serve-stderr] Downloading bytes: ████      | 60.6MB,  253kB/s
[serve-stderr] Downloading bytes: ████      | 60.7MB,  302kB/s
[serve-stderr] Downloading bytes: ████      | 60.7MB,  329kB/s
[serve-stderr] Downloading bytes: ████      | 60.8MB,  321kB/s
[serve-stderr] Downloading bytes: ████      | 60.8MB,  350kB/s
[serve-stderr] Downloading bytes: ████      | 60.9MB,  340kB/s
[serve-stderr] Downloading bytes: ████      | 60.9MB,  301kB/s
[serve-stderr] Downloading bytes: ████      | 61.0MB,  301kB/s
[serve-stderr] Downloading bytes: ████      | 61.0MB,  303kB/s
[serve-stderr] Downloading bytes: ████      | 61.0MB,  302kB/s
[serve-stderr] Downloading bytes: ████      | 61.1MB,  300kB/s
[serve-stderr] Downloading bytes: ████      | 61.1MB,  271kB/s
[serve-stderr] Downloading bytes: ████      | 61.1MB,  255kB/s
[serve-stderr] Downloading bytes: ████      | 61.2MB,  221kB/s
[serve-stderr] Downloading bytes: ████      | 61.2MB,  237kB/s
[serve-stderr] Downloading bytes: ████      | 61.3MB,  206kB/s
[serve-stderr] Downloading bytes: ████      | 61.3MB,  212kB/s
[serve-stderr] Downloading bytes: ████      | 61.3MB,  189kB/s
[serve-stderr] Downloading bytes: ████      | 61.4MB,  178kB/s
[serve-stderr] Downloading bytes: ████      | 61.4MB,  169kB/s
[serve-stderr] Downloading bytes: ████      | 61.5MB,  190kB/s
[serve-stderr] Downloading bytes: ████      | 61.5MB,  239kB/s
[serve-stderr] Downloading bytes: ████      | 61.6MB,  282kB/s
[serve-stderr] Downloading bytes: ████      | 61.6MB,  291kB/s
[serve-stderr] Downloading bytes: ████      | 61.7MB,  275kB/s
[serve-stderr] Downloading bytes: ████      | 61.7MB,  280kB/s
[serve-stderr] Downloading bytes: ████      | 61.7MB,  284kB/s
[serve-stderr] Downloading bytes: ████      | 61.8MB,  287kB/s
[serve-stderr] Downloading bytes: ████      | 61.9MB,  296kB/s
[serve-stderr] Downloading bytes: ████      | 61.9MB,  270kB/s
[serve-stderr] Downloading bytes: ████      | 61.9MB,  278kB/s
[serve-stderr] Downloading bytes: ████      | 62.0MB,  284kB/s
[serve-stderr] Downloading bytes: ████      | 62.0MB,  264kB/s
[serve-stderr] Downloading bytes: ████▏     | 62.0MB,  272kB/s
[serve-stderr] Downloading bytes: ████▏     | 62.1MB,  253kB/s
[serve-stderr] Downloading bytes: ████▏     | 62.1MB,  263kB/s
[serve-stderr] Downloading bytes: ████▏     | 62.2MB,  278kB/s
[serve-stderr] Downloading bytes: ████▏     | 62.2MB,  314kB/s
[serve-stderr] Downloading bytes: ████▏     | 62.3MB,  282kB/s
[serve-stderr] Downloading bytes: ████▏     | 62.3MB,  262kB/s
[serve-stderr] Downloading bytes: ████▏     | 62.4MB,  302kB/s
[serve-stderr] Downloading bytes: ████▏     | 62.4MB,  232kB/s
[serve-stderr] Downloading bytes: ████▏     | 62.5MB,  244kB/s
[serve-stderr] Downloading bytes: ████▏     | 62.5MB,  255kB/s
[serve-stderr] Downloading bytes: ████▏     | 62.5MB,  218kB/s
[serve-stderr] Downloading bytes: ████▏     | 62.6MB,  236kB/s
[serve-stderr] Downloading bytes: ████▏     | 62.6MB,  232kB/s
[serve-stderr] Downloading bytes: ████▏     | 62.6MB,  204kB/s
[serve-stderr] Downloading bytes: ████▏     | 62.7MB,  187kB/s
[serve-stderr] Downloading bytes: ████▏     | 62.7MB,  175kB/s
[serve-stderr] Downloading bytes: ████▏     | 62.8MB,  194kB/s
[serve-stderr] Downloading bytes: ████▏     | 62.8MB,  213kB/s
[serve-stderr] Downloading bytes: ████▏     | 62.8MB,  235kB/s
[serve-stderr] Downloading bytes: ████▏     | 62.9MB,  234kB/s
[serve-stderr] Downloading bytes: ████▏     | 62.9MB,  247kB/s
[serve-stderr] Downloading bytes: ████▏     | 62.9MB,  211kB/s
[serve-stderr] Downloading bytes: ████▏     | 63.0MB,  230kB/s
[serve-stderr] Downloading bytes: ████▏     | 63.0MB,  201kB/s
[serve-stderr] Downloading bytes: ████▏     | 63.0MB,  223kB/s
[serve-stderr] Downloading bytes: ████▏     | 63.1MB,  196kB/s
[serve-stderr] Downloading bytes: ████▏     | 63.1MB,  180kB/s
[serve-stderr] Downloading bytes: ████▏     | 63.2MB,  170kB/s
[serve-stderr] Downloading bytes: ████▏     | 63.2MB,  145kB/s
[serve-stderr] Downloading bytes: ████▏     | 63.2MB,  127kB/s
[serve-stderr] Downloading bytes: ████▏     | 63.2MB,  131kB/s
[serve-stderr] Downloading bytes: ████▏     | 63.2MB,  135kB/s
[serve-stderr] Downloading bytes: ████▏     | 63.2MB,  138kB/s
[serve-stderr] Downloading bytes: ████▏     | 63.3MB,  140kB/s
[serve-stderr] Downloading bytes: ████▏     | 63.3MB,  178kB/s
[serve-stderr] Downloading bytes: ████▏     | 63.4MB,  169kB/s
[serve-stderr] Downloading bytes: ████▏     | 63.4MB,  190kB/s
[serve-stderr] Downloading bytes: ████▏     | 63.4MB,  204kB/s
[serve-stderr] Downloading bytes: ████▏     | 63.5MB,  142kB/s
[serve-stderr] Downloading bytes: ████▏     | 63.5MB,  145kB/s
[serve-stderr] Downloading bytes: ████▏     | 63.5MB,  169kB/s
[serve-stderr] Downloading bytes: ████▏     | 63.6MB,  193kB/s
[serve-stderr] Downloading bytes: ████▏     | 63.6MB,  178kB/s
[serve-stderr] Downloading bytes: ████▏     | 63.6MB,  170kB/s
[serve-stderr] Downloading bytes: ████▏     | 63.7MB,  165kB/s
[serve-stderr] Downloading bytes: ████▏     | 63.7MB,  219kB/s
[serve-stderr] Downloading bytes: ████▏     | 63.8MB,  195kB/s
[serve-stderr] Downloading bytes: ████▏     | 63.8MB,  206kB/s
[serve-stderr] Downloading bytes: ████▏     | 63.8MB,  188kB/s
[serve-stderr] Downloading bytes: ████▏     | 63.9MB,  209kB/s
[serve-stderr] Downloading bytes: ████▏     | 63.9MB,  216kB/s
[serve-stderr] Downloading bytes: ████▎     | 64.0MB,  232kB/s
[serve-stderr] Downloading bytes: ████▎     | 64.0MB,  231kB/s
[serve-stderr] Downloading bytes: ████▎     | 64.0MB,  245kB/s
[serve-stderr] Downloading bytes: ████▎     | 64.1MB,  209kB/s
[serve-stderr] Downloading bytes: ████▎     | 64.1MB,  228kB/s
[serve-stderr] Downloading bytes: ████▎     | 64.1MB,  203kB/s
[serve-stderr] Downloading bytes: ████▎     | 64.2MB,  223kB/s
[serve-stderr] Downloading bytes: ████▎     | 64.2MB,  223kB/s
[serve-stderr] Downloading bytes: ████▎     | 64.2MB,  199kB/s
[serve-stderr] Downloading bytes: ████▎     | 64.3MB,  219kB/s
[serve-stderr] Downloading bytes: ████▎     | 64.3MB,  238kB/s
[serve-stderr] Downloading bytes: ████▎     | 64.4MB,  237kB/s
[serve-stderr] Downloading bytes: ████▎     | 64.4MB,  232kB/s
[serve-stderr] Downloading bytes: ████▎     | 64.4MB,  247kB/s
[serve-stderr] Downloading bytes: ████▎     | 64.5MB,  214kB/s
[serve-stderr] Downloading bytes: ████▎     | 64.5MB,  231kB/s
[serve-stderr] Downloading bytes: ████▎     | 64.5MB,  247kB/s
[serve-stderr] Downloading bytes: ████▎     | 64.6MB,  208kB/s
[serve-stderr] Downloading bytes: ████▎     | 64.6MB,  187kB/s
[serve-stderr] Downloading bytes: ████▎     | 64.6MB,  174kB/s
[serve-stderr] Downloading bytes: ████▎     | 64.7MB,  143kB/s
[serve-stderr] Downloading bytes: ████▎     | 64.7MB,  128kB/s
[serve-stderr] Downloading bytes: ████▎     | 64.7MB,  113kB/s
[serve-stderr] Downloading bytes: ████▎     | 64.7MB,  119kB/s
[serve-stderr] Downloading bytes: ████▎     | 64.8MB,  152kB/s
[serve-stderr] Downloading bytes: ████▎     | 64.8MB,  131kB/s
[serve-stderr] Downloading bytes: ████▎     | 64.8MB,  161kB/s
[serve-stderr] Downloading bytes: ████▎     | 64.9MB,  135kB/s
[serve-stderr] Downloading bytes: ████▎     | 64.9MB,  163kB/s
[serve-stderr] Downloading bytes: ████▎     | 64.9MB,  121kB/s
[serve-stderr] Downloading bytes: ████▎     | 64.9MB, 95.4kB/s
[serve-stderr] Downloading bytes: ████▎     | 65.0MB, 90.8kB/s
[serve-stderr] Downloading bytes: ████▎     | 65.0MB, 87.7kB/s
[serve-stderr] Downloading bytes: ████▎     | 65.0MB, 84.7kB/s
[serve-stderr] Downloading bytes: ████▎     | 65.0MB, 65.2kB/s
[serve-stderr] Downloading bytes: ████▎     | 65.0MB, 84.7kB/s
[serve-stderr] Downloading bytes: ████▎     | 65.1MB, 82.5kB/s
[serve-stderr] Downloading bytes: ████▎     | 65.1MB, 93.5kB/s
[serve-stderr] Downloading bytes: ████▎     | 65.2MB,  131kB/s
[serve-stderr] Downloading bytes: ████▎     | 65.2MB,  164kB/s
[serve-stderr] Downloading bytes: ████▎     | 65.2MB,  182kB/s
[serve-stderr] Downloading bytes: ████▎     | 65.3MB,  203kB/s
[serve-stderr] Downloading bytes: ████▎     | 65.3MB,  187kB/s
[serve-stderr] Downloading bytes: ████▎     | 65.4MB,  240kB/s
[serve-stderr] Downloading bytes: ████▎     | 65.4MB,  234kB/s
[serve-stderr] Downloading bytes: ████▎     | 65.5MB,  257kB/s
[serve-stderr] Downloading bytes: ████▎     | 65.6MB,  294kB/s
[serve-stderr] Downloading bytes: ████▎     | 65.6MB,  297kB/s
[serve-stderr] Downloading bytes: ████▎     | 65.7MB,  301kB/s
[serve-stderr] Downloading bytes: ████▎     | 65.7MB,  302kB/s
[serve-stderr] Downloading bytes: ████▎     | 65.7MB,  237kB/s
[serve-stderr] Downloading bytes: ████▎     | 65.8MB,  251kB/s
[serve-stderr] Downloading bytes: ████▍     | 65.8MB,  217kB/s
[serve-stderr] Downloading bytes: ████▍     | 65.8MB,  220kB/s
[serve-stderr] Downloading bytes: ████▍     | 65.9MB,  198kB/s
[serve-stderr] Downloading bytes: ████▍     | 65.9MB,  209kB/s
[serve-stderr] Downloading bytes: ████▍     | 66.0MB,  214kB/s
[serve-stderr] Downloading bytes: ████▍     | 66.0MB,  232kB/s
[serve-stderr] Downloading bytes: ████▍     | 66.0MB,  205kB/s
[serve-stderr] Downloading bytes: ████▍     | 66.1MB,  224kB/s
[serve-stderr] Downloading bytes: ████▍     | 66.1MB,  197kB/s
[serve-stderr] Downloading bytes: ████▍     | 66.1MB,  218kB/s
[serve-stderr] Downloading bytes: ████▍     | 66.2MB,  194kB/s
[serve-stderr] Downloading bytes: ████▍     | 66.2MB,  208kB/s
[serve-stderr] Downloading bytes: ████▍     | 66.3MB,  226kB/s
[serve-stderr] Downloading bytes: ████▍     | 66.3MB,  200kB/s
[serve-stderr] Downloading bytes: ████▍     | 66.3MB,  183kB/s
[serve-stderr] Downloading bytes: ████▍     | 66.4MB,  207kB/s
[serve-stderr] Downloading bytes: ████▍     | 66.4MB,  187kB/s
[serve-stderr] Downloading bytes: ████▍     | 66.4MB,  214kB/s
[serve-stderr] Downloading bytes: ████▍     | 66.5MB,  233kB/s
[serve-stderr] Downloading bytes: ████▍     | 66.5MB,  249kB/s
[serve-stderr] Downloading bytes: ████▍     | 66.5MB,  265kB/s
[serve-stderr] Downloading bytes: ████▍     | 66.6MB,  274kB/s
[serve-stderr] Downloading bytes: ████▍     | 66.6MB,  222kB/s
[serve-stderr] Downloading bytes: ████▍     | 66.6MB,  244kB/s
[serve-stderr] Downloading bytes: ████▍     | 66.7MB,  258kB/s
[serve-stderr] Downloading bytes: ████▍     | 66.7MB,  218kB/s
[serve-stderr] Downloading bytes: ████▍     | 66.7MB,  237kB/s
[serve-stderr] Downloading bytes: ████▍     | 66.8MB,  291kB/s
[serve-stderr] Downloading bytes: ████▍     | 66.8MB,  266kB/s
[serve-stderr] Downloading bytes: ████▍     | 66.9MB,  278kB/s
[serve-stderr] Downloading bytes: ████▍     | 67.0MB,  286kB/s
[serve-stderr] Downloading bytes: ████▍     | 67.0MB,  294kB/s
[serve-stderr] Downloading bytes: ████▍     | 67.0MB,  298kB/s
[serve-stderr] Downloading bytes: ████▍     | 67.1MB,  298kB/s
[serve-stderr] Downloading bytes: ████▍     | 67.2MB,  302kB/s
[serve-stderr] Downloading bytes: ████▍     | 67.2MB,  274kB/s
[serve-stderr] Downloading bytes: ████▍     | 67.3MB,  312kB/s
[serve-stderr] Downloading bytes: ████▍     | 67.3MB,  308kB/s
[serve-stderr] Downloading bytes: ████▍     | 67.4MB,  344kB/s
[serve-stderr] Downloading bytes: ████▍     | 67.4MB,  331kB/s
[serve-stderr] Downloading bytes: ████▍     | 67.5MB,  356kB/s
[serve-stderr] Downloading bytes: ████▍     | 67.6MB,  362kB/s
[serve-stderr] Downloading bytes: ████▍     | 67.7MB,  339kB/s
[serve-stderr] Downloading bytes: ████▌     | 67.8MB,  350kB/s
[serve-stderr] Downloading bytes: ████▌     | 67.8MB,  361kB/s
[serve-stderr] Downloading bytes: ████▌     | 67.8MB,  321kB/s
[serve-stderr] Downloading bytes: ████▌     | 67.9MB,  344kB/s
[serve-stderr] Downloading bytes: ████▌     | 67.9MB,  305kB/s
[serve-stderr] Downloading bytes: ████▌     | 68.0MB,  333kB/s
[serve-stderr] Downloading bytes: ████▌     | 68.0MB,  276kB/s
[serve-stderr] Downloading bytes: ████▌     | 68.1MB,  282kB/s
[serve-stderr] Downloading bytes: ████▌     | 68.1MB,  293kB/s
[serve-stderr] Downloading bytes: ████▌     | 68.2MB,  294kB/s
[serve-stderr] Downloading bytes: ████▌     | 68.2MB,  299kB/s
[serve-stderr] Downloading bytes: ████▌     | 68.3MB,  371kB/s
[serve-stderr] Downloading bytes: ████▌     | 68.4MB,  341kB/s
[serve-stderr] Downloading bytes: ████▌     | 68.4MB,  329kB/s
[serve-stderr] Downloading bytes: ████▌     | 68.5MB,  322kB/s
[serve-stderr] Downloading bytes: ████▌     | 68.5MB,  349kB/s
[serve-stderr] Downloading bytes: ████▌     | 68.6MB,  303kB/s
[serve-stderr] Downloading bytes: ████▌     | 68.6MB,  301kB/s
[serve-stderr] Downloading bytes: ████▌     | 68.7MB,  305kB/s
[serve-stderr] Downloading bytes: ████▌     | 68.7MB,  277kB/s
[serve-stderr] Downloading bytes: ████▌     | 68.8MB,  259kB/s
[serve-stderr] Downloading bytes: ████▌     | 68.8MB,  227kB/s
[serve-stderr] Downloading bytes: ████▌     | 68.8MB,  202kB/s
[serve-stderr] Downloading bytes: ████▌     | 68.9MB,  211kB/s
[serve-stderr] Downloading bytes: ████▌     | 68.9MB,  218kB/s
[serve-stderr] Downloading bytes: ████▌     | 69.0MB,  197kB/s
[serve-stderr] Downloading bytes: ████▌     | 69.0MB,  183kB/s
[serve-stderr] Downloading bytes: ████▌     | 69.1MB,  197kB/s
[serve-stderr] Downloading bytes: ████▌     | 69.1MB,  206kB/s
[serve-stderr] Downloading bytes: ████▌     | 69.1MB,  223kB/s
[serve-stderr] Downloading bytes: ████▌     | 69.2MB,  239kB/s
[serve-stderr] Downloading bytes: ████▌     | 69.2MB,  252kB/s
[serve-stderr] Downloading bytes: ████▌     | 69.2MB,  263kB/s
[serve-stderr] Downloading bytes: ████▌     | 69.3MB,  272kB/s
[serve-stderr] Downloading bytes: ████▌     | 69.3MB,  288kB/s
[serve-stderr] Downloading bytes: ████▌     | 69.4MB,  239kB/s
[serve-stderr] Downloading bytes: ████▌     | 69.4MB,  208kB/s
[serve-stderr] Downloading bytes: ████▌     | 69.4MB,  192kB/s
[serve-stderr] Downloading bytes: ████▌     | 69.5MB,  180kB/s
[serve-stderr] Downloading bytes: ████▌     | 69.5MB,  174kB/s
[serve-stderr] Downloading bytes: ████▌     | 69.6MB,  191kB/s
[serve-stderr] Downloading bytes: ████▋     | 69.6MB,  201kB/s
[serve-stderr] Downloading bytes: ████▋     | 69.6MB,  221kB/s
[serve-stderr] Downloading bytes: ████▋     | 69.7MB,  237kB/s
[serve-stderr] Downloading bytes: ████▋     | 69.7MB,  251kB/s
[serve-stderr] Downloading bytes: ████▋     | 69.7MB,  301kB/s
[serve-stderr] Downloading bytes: ████▋     | 69.8MB,  170kB/s
[serve-stderr] Downloading bytes: ████▋     | 69.8MB,  143kB/s
[serve-stderr] Downloading bytes: ████▋     | 69.8MB,  165kB/s
[serve-stderr] Downloading bytes: ████▋     | 69.9MB,  144kB/s
[serve-stderr] Downloading bytes: ████▋     | 69.9MB,  145kB/s
[serve-stderr] Downloading bytes: ████▋     | 70.0MB,  167kB/s
[serve-stderr] Downloading bytes: ████▋     | 70.0MB,  162kB/s
[serve-stderr] Downloading bytes: ████▋     | 70.0MB,  187kB/s
[serve-stderr] Downloading bytes: ████▋     | 70.1MB,  175kB/s
[serve-stderr] Downloading bytes: ████▋     | 70.1MB,  199kB/s
[serve-stderr] Downloading bytes: ████▋     | 70.1MB,  220kB/s
[serve-stderr] Downloading bytes: ████▋     | 70.2MB,  198kB/s
[serve-stderr] Downloading bytes: ████▋     | 70.2MB,  221kB/s
[serve-stderr] Downloading bytes: ████▋     | 70.3MB,  252kB/s
[serve-stderr] Downloading bytes: ████▋     | 70.3MB,  219kB/s
[serve-stderr] Downloading bytes: ████▋     | 70.4MB,  227kB/s
[serve-stderr] Downloading bytes: ████▋     | 70.4MB,  227kB/s
[serve-stderr] Downloading bytes: ████▋     | 70.4MB,  241kB/s
[serve-stderr] Downloading bytes: ████▋     | 70.5MB,  237kB/s
[serve-stderr] Downloading bytes: ████▋     | 70.5MB,  250kB/s
[serve-stderr] Downloading bytes: ████▋     | 70.6MB,  261kB/s
[serve-stderr] Downloading bytes: ████▋     | 70.6MB,  249kB/s
[serve-stderr] Downloading bytes: ████▋     | 70.6MB,  260kB/s
[serve-stderr] Downloading bytes: ████▋     | 70.7MB,  307kB/s
[serve-stderr] Downloading bytes: ████▋     | 70.7MB,  273kB/s
[serve-stderr] Downloading bytes: ████▋     | 70.7MB,  278kB/s
[serve-stderr] Downloading bytes: ████▋     | 70.8MB,  285kB/s
[serve-stderr] Downloading bytes: ████▋     | 70.8MB,  229kB/s
[serve-stderr] Downloading bytes: ████▋     | 70.9MB,  278kB/s
[serve-stderr] Downloading bytes: ████▋     | 70.9MB,  257kB/s
[serve-stderr] Downloading bytes: ████▋     | 70.9MB,  266kB/s
[serve-stderr] Downloading bytes: ████▋     | 71.0MB,  273kB/s
[serve-stderr] Downloading bytes: ████▋     | 71.0MB,  279kB/s
[serve-stderr] Downloading bytes: ████▋     | 71.1MB,  284kB/s
[serve-stderr] Downloading bytes: ████▋     | 71.1MB,  258kB/s
[serve-stderr] Downloading bytes: ████▋     | 71.1MB,  267kB/s
[serve-stderr] Downloading bytes: ████▋     | 71.2MB,  249kB/s
[serve-stderr] Downloading bytes: ████▋     | 71.2MB,  293kB/s
[serve-stderr] Downloading bytes: ████▋     | 71.3MB,  294kB/s
[serve-stderr] Downloading bytes: ████▋     | 71.4MB,  335kB/s
[serve-stderr] Downloading bytes: ████▋     | 71.4MB,  294kB/s
[serve-stderr] Downloading bytes: ████▋     | 71.4MB,  295kB/s
[serve-stderr] Downloading bytes: ████▊     | 71.5MB,  275kB/s
[serve-stderr] Downloading bytes: ████▊     | 71.5MB,  257kB/s
[serve-stderr] Downloading bytes: ████▊     | 71.6MB,  268kB/s
[serve-stderr] Downloading bytes: ████▊     | 71.6MB,  253kB/s
[serve-stderr] Downloading bytes: ████▊     | 71.6MB,  262kB/s
[serve-stderr] Downloading bytes: ████▊     | 71.7MB,  248kB/s
[serve-stderr] Downloading bytes: ████▊     | 71.7MB,  239kB/s
[serve-stderr] Downloading bytes: ████▊     | 71.8MB,  234kB/s
[serve-stderr] Downloading bytes: ████▊     | 71.8MB,  231kB/s
[serve-stderr] Downloading bytes: ████▊     | 71.9MB,  229kB/s
[serve-stderr] Downloading bytes: ████▊     | 71.9MB,  204kB/s
[serve-stderr] Downloading bytes: ████▊     | 71.9MB,  223kB/s
[serve-stderr] Downloading bytes: ████▊     | 72.0MB,  239kB/s
[serve-stderr] Downloading bytes: ████▊     | 72.0MB,  233kB/s
[serve-stderr] Downloading bytes: ████▊     | 72.1MB,  230kB/s
[serve-stderr] Downloading bytes: ████▊     | 72.1MB,  207kB/s
[serve-stderr] Downloading bytes: ████▊     | 72.2MB,  190kB/s
[serve-stderr] Downloading bytes: ████▊     | 72.2MB,  203kB/s
[serve-stderr] Downloading bytes: ████▊     | 72.3MB,  210kB/s
[serve-stderr] Downloading bytes: ████▊     | 72.3MB,  238kB/s
[serve-stderr] Downloading bytes: ████▊     | 72.3MB,  251kB/s
[serve-stderr] Downloading bytes: ████▊     | 72.4MB,  261kB/s
[serve-stderr] Downloading bytes: ████▊     | 72.4MB,  271kB/s
[serve-stderr] Downloading bytes: ████▊     | 72.5MB,  320kB/s
[serve-stderr] Downloading bytes: ████▊     | 72.5MB,  310kB/s
[serve-stderr] Downloading bytes: ████▊     | 72.6MB,  347kB/s
[serve-stderr] Downloading bytes: ████▊     | 72.6MB,  332kB/s
[serve-stderr] Downloading bytes: ████▊     | 72.7MB,  360kB/s
[serve-stderr] Downloading bytes: ████▊     | 72.8MB,  381kB/s
[serve-stderr] Downloading bytes: ████▊     | 72.8MB,  379kB/s
[serve-stderr] Downloading bytes: ████▊     | 72.9MB,  394kB/s
[serve-stderr] Downloading bytes: ████▊     | 73.0MB,  394kB/s
[serve-stderr] Downloading bytes: ████▊     | 73.0MB,  407kB/s
[serve-stderr] Downloading bytes: ████▊     | 73.1MB,  367kB/s
[serve-stderr] Downloading bytes: ████▊     | 73.1MB,  385kB/s
[serve-stderr] Downloading bytes: ████▊     | 73.2MB,  354kB/s
[serve-stderr] Downloading bytes: ████▊     | 73.3MB,  371kB/s
[serve-stderr] Downloading bytes: ████▉     | 73.4MB,  377kB/s
[serve-stderr] Downloading bytes: ████▉     | 73.5MB,  379kB/s
[serve-stderr] Downloading bytes: ████▉     | 73.6MB,  401kB/s
[serve-stderr] Downloading bytes: ████▉     | 73.6MB,  372kB/s
[serve-stderr] Downloading bytes: ████▉     | 73.7MB,  385kB/s
[serve-stderr] Downloading bytes: ████▉     | 73.7MB,  386kB/s
[serve-stderr] Downloading bytes: ████▉     | 73.8MB,  398kB/s
[serve-stderr] Downloading bytes: ████▉     | 73.9MB,  364kB/s
[serve-stderr] Downloading bytes: ████▉     | 73.9MB,  367kB/s
[serve-stderr] Downloading bytes: ████▉     | 74.0MB,  347kB/s
[serve-stderr] Downloading bytes: ████▉     | 74.1MB,  366kB/s
[serve-stderr] Downloading bytes: ████▉     | 74.1MB,  373kB/s
[serve-stderr] Downloading bytes: ████▉     | 74.2MB,  350kB/s
[serve-stderr] Downloading bytes: ████▉     | 74.3MB,  374kB/s
[serve-stderr] Downloading bytes: ████▉     | 74.3MB,  348kB/s
[serve-stderr] Downloading bytes: ████▉     | 74.3MB,  307kB/s
[serve-stderr] Downloading bytes: ████▉     | 74.4MB,  305kB/s
[serve-stderr] Downloading bytes: ████▉     | 74.4MB,  302kB/s
[serve-stderr] Downloading bytes: ████▉     | 74.5MB,  301kB/s
[serve-stderr] Downloading bytes: ████▉     | 74.5MB,  334kB/s
[serve-stderr] Downloading bytes: ████▉     | 74.6MB,  290kB/s
[serve-stderr] Downloading bytes: ████▉     | 74.6MB,  221kB/s
[serve-stderr] Downloading bytes: ████▉     | 74.7MB,  259kB/s
[serve-stderr] Downloading bytes: ████▉     | 74.8MB,  322kB/s
[serve-stderr] Downloading bytes: ████▉     | 74.8MB,  385kB/s
[serve-stderr] Downloading bytes: ████▉     | 74.9MB,  331kB/s
[serve-stderr] Downloading bytes: ████▉     | 74.9MB,  328kB/s
[serve-stderr] Downloading bytes: ████▉     | 75.0MB,  295kB/s
[serve-stderr] Downloading bytes: ████▉     | 75.0MB,  273kB/s
[serve-stderr] Downloading bytes: ████▉     | 75.1MB,  278kB/s
[serve-stderr] Downloading bytes: ████▉     | 75.1MB,  287kB/s
[serve-stderr] Downloading bytes: ████▉     | 75.2MB,  292kB/s
[serve-stderr] Downloading bytes: █████     | 75.2MB,  273kB/s
[serve-stderr] Downloading bytes: █████     | 75.3MB,  258kB/s
[serve-stderr] Downloading bytes: █████     | 75.3MB,  192kB/s
[serve-stderr] Downloading bytes: █████     | 75.3MB,  179kB/s
[serve-stderr] Downloading bytes: █████     | 75.4MB,  194kB/s
[serve-stderr] Downloading bytes: █████     | 75.4MB,  181kB/s
[serve-stderr] Downloading bytes: █████     | 75.4MB,  172kB/s
[serve-stderr] Downloading bytes: █████     | 75.5MB,  195kB/s
[serve-stderr] Downloading bytes: █████     | 75.5MB,  205kB/s
[serve-stderr] Downloading bytes: █████     | 75.5MB,  188kB/s
[serve-stderr] Downloading bytes: █████     | 75.6MB,  209kB/s
[serve-stderr] Downloading bytes: █████     | 75.6MB,  188kB/s
[serve-stderr] Downloading bytes: █████     | 75.6MB,  177kB/s
[serve-stderr] Downloading bytes: █████     | 75.7MB,  170kB/s
[serve-stderr] Downloading bytes: █████     | 75.7MB,  163kB/s
[serve-stderr] Downloading bytes: █████     | 75.7MB,  139kB/s
[serve-stderr] Downloading bytes: █████     | 75.8MB,  123kB/s
[serve-stderr] Downloading bytes: █████     | 75.8MB,  151kB/s
[serve-stderr] Downloading bytes: █████     | 75.8MB,  131kB/s
[serve-stderr] Downloading bytes: █████     | 75.8MB,  134kB/s
[serve-stderr] Downloading bytes: █████     | 75.9MB,  117kB/s
[serve-stderr] Downloading bytes: █████     | 75.9MB,  123kB/s
[serve-stderr] Downloading bytes: █████     | 75.9MB, 90.9kB/s
[serve-stderr] Downloading bytes: █████     | 75.9MB, 66.3kB/s
[serve-stderr] Downloading bytes: █████     | 75.9MB, 61.6kB/s
[serve-stderr] Downloading bytes: █████     | 75.9MB, 65.5kB/s
[serve-stderr] Downloading bytes: █████     | 76.0MB, 68.2kB/s
[serve-stderr] Downloading bytes: █████     | 76.0MB, 70.7kB/s
[serve-stderr] Downloading bytes: █████     | 76.0MB, 83.5kB/s
[serve-stderr] Downloading bytes: █████     | 76.0MB, 81.3kB/s
[serve-stderr] Downloading bytes: █████     | 76.0MB,  122kB/s
[serve-stderr] Downloading bytes: █████     | 76.1MB,  127kB/s
[serve-stderr] Downloading bytes: █████     | 76.1MB,  134kB/s
[serve-stderr] Downloading bytes: █████     | 76.1MB,  111kB/s
[serve-stderr] Downloading bytes: █████     | 76.1MB,  120kB/s
[serve-stderr] Downloading bytes: █████     | 76.1MB,  128kB/s
[serve-stderr] Downloading bytes: █████     | 76.1MB,  134kB/s
[serve-stderr] Downloading bytes: █████     | 76.2MB,  138kB/s
[serve-stderr] Downloading bytes: █████     | 76.2MB,  142kB/s
[serve-stderr] Downloading bytes: █████     | 76.2MB,  147kB/s
[serve-stderr] Downloading bytes: █████     | 76.2MB,  115kB/s
[serve-stderr] Downloading bytes: █████     | 76.3MB,  160kB/s
[serve-stderr] Downloading bytes: █████     | 76.3MB,  156kB/s
[serve-stderr] Downloading bytes: █████     | 76.3MB,  189kB/s
[serve-stderr] Downloading bytes: █████     | 76.4MB,  176kB/s
[serve-stderr] Downloading bytes: █████     | 76.4MB,  197kB/s
[serve-stderr] Downloading bytes: █████     | 76.4MB,  184kB/s
[serve-stderr] Downloading bytes: █████     | 76.5MB,  209kB/s
[serve-stderr] Downloading bytes: █████     | 76.5MB,  190kB/s
[serve-stderr] Downloading bytes: █████     | 76.5MB,  178kB/s
[serve-stderr] Downloading bytes: █████     | 76.6MB,  204kB/s
[serve-stderr] Downloading bytes: █████     | 76.6MB,  159kB/s
[serve-stderr] Downloading bytes: █████     | 76.6MB,  186kB/s
[serve-stderr] Downloading bytes: █████     | 76.7MB,  173kB/s
[serve-stderr] Downloading bytes: █████     | 76.7MB,  167kB/s
[serve-stderr] Downloading bytes: █████     | 76.8MB,  164kB/s
[serve-stderr] Downloading bytes: █████     | 76.8MB,  162kB/s
[serve-stderr] Downloading bytes: █████     | 76.8MB,  142kB/s
[serve-stderr] Downloading bytes: █████     | 76.8MB,  145kB/s
[serve-stderr] Downloading bytes: █████     | 76.9MB,  146kB/s
[serve-stderr] Downloading bytes: █████     | 76.9MB,  149kB/s
[serve-stderr] Downloading bytes: █████     | 76.9MB,  150kB/s
[serve-stderr] Downloading bytes: █████     | 76.9MB,  152kB/s
[serve-stderr] Downloading bytes: █████     | 76.9MB,  154kB/s
[serve-stderr] Downloading bytes: █████     | 77.0MB,  155kB/s
[serve-stderr] Downloading bytes: █████     | 77.0MB,  156kB/s
[serve-stderr] Downloading bytes: █████     | 77.0MB,  156kB/s
[serve-stderr] Downloading bytes: █████     | 77.0MB,  123kB/s
[serve-stderr] Downloading bytes: █████     | 77.0MB,  131kB/s
[serve-stderr] Downloading bytes: █████     | 77.1MB,  176kB/s
[serve-stderr] Downloading bytes: █████▏    | 77.1MB,  139kB/s
[serve-stderr] Downloading bytes: █████▏    | 77.2MB,  146kB/s
[serve-stderr] Downloading bytes: █████▏    | 77.2MB,  174kB/s
[serve-stderr] Downloading bytes: █████▏    | 77.3MB,  220kB/s
[serve-stderr] Downloading bytes: █████▏    | 77.3MB,  239kB/s
[serve-stderr] Downloading bytes: █████▏    | 77.3MB,  239kB/s
[serve-stderr] Downloading bytes: █████▏    | 77.4MB,  211kB/s
[serve-stderr] Downloading bytes: █████▏    | 77.4MB,  230kB/s
[serve-stderr] Downloading bytes: █████▏    | 77.4MB,  205kB/s
[serve-stderr] Downloading bytes: █████▏    | 77.5MB,  227kB/s
[serve-stderr] Downloading bytes: █████▏    | 77.5MB,  259kB/s
[serve-stderr] Downloading bytes: █████▏    | 77.6MB,  250kB/s
[serve-stderr] Downloading bytes: █████▏    | 77.6MB,  263kB/s
[serve-stderr] Downloading bytes: █████▏    | 77.6MB,  225kB/s
[serve-stderr] Downloading bytes: █████▏    | 77.7MB,  172kB/s
[serve-stderr] Downloading bytes: █████▏    | 77.7MB,  223kB/s
[serve-stderr] Downloading bytes: █████▏    | 77.8MB,  195kB/s
[serve-stderr] Downloading bytes: █████▏    | 77.8MB,  184kB/s
[serve-stderr] Downloading bytes: █████▏    | 77.9MB,  174kB/s
[serve-stderr] Downloading bytes: █████▏    | 77.9MB,  170kB/s
[serve-stderr] Downloading bytes: █████▏    | 77.9MB,  166kB/s
[serve-stderr] Downloading bytes: █████▏    | 78.0MB,  163kB/s
[serve-stderr] Downloading bytes: █████▏    | 78.0MB,  162kB/s
[serve-stderr] Downloading bytes: █████▏    | 78.0MB,  160kB/s
[serve-stderr] Downloading bytes: █████▏    | 78.0MB,  160kB/s
[serve-stderr] Downloading bytes: █████▏    | 78.1MB,  159kB/s
[serve-stderr] Downloading bytes: █████▏    | 78.1MB,  159kB/s
[serve-stderr] Downloading bytes: █████▏    | 78.1MB,  159kB/s
[serve-stderr] Downloading bytes: █████▏    | 78.1MB,  160kB/s
[serve-stderr] Downloading bytes: █████▏    | 78.1MB,  159kB/s
[serve-stderr] Downloading bytes: █████▏    | 78.1MB,  159kB/s
[serve-stderr] Downloading bytes: █████▏    | 78.2MB,  158kB/s
[serve-stderr] Downloading bytes: █████▏    | 78.2MB,  157kB/s
[serve-stderr] Downloading bytes: █████▏    | 78.2MB,  158kB/s
[serve-stderr] Downloading bytes: █████▏    | 78.2MB,  204kB/s
[serve-stderr] Downloading bytes: █████▏    | 78.3MB,  148kB/s
[serve-stderr] Downloading bytes: █████▏    | 78.3MB,  178kB/s
[serve-stderr] Downloading bytes: █████▏    | 78.4MB,  171kB/s
[serve-stderr] Downloading bytes: █████▏    | 78.4MB,  192kB/s
[serve-stderr] Downloading bytes: █████▏    | 78.4MB,  180kB/s
[serve-stderr] Downloading bytes: █████▏    | 78.5MB,  198kB/s
[serve-stderr] Downloading bytes: █████▏    | 78.5MB,  186kB/s
[serve-stderr] Downloading bytes: █████▏    | 78.5MB,  177kB/s
[serve-stderr] Downloading bytes: █████▏    | 78.6MB,  131kB/s
[serve-stderr] Downloading bytes: █████▏    | 78.6MB, 94.2kB/s
[serve-stderr] Downloading bytes: █████▏    | 78.6MB, 91.2kB/s
[serve-stderr] Downloading bytes: █████▏    | 78.6MB,  107kB/s
[serve-stderr] Downloading bytes: █████▏    | 78.6MB, 99.5kB/s
[serve-stderr] Downloading bytes: █████▏    | 78.7MB,  108kB/s
[serve-stderr] Downloading bytes: █████▏    | 78.7MB,  145kB/s
[serve-stderr] Downloading bytes: █████▏    | 78.7MB,  149kB/s
[serve-stderr] Downloading bytes: █████▏    | 78.8MB,  181kB/s
[serve-stderr] Downloading bytes: █████▏    | 78.8MB,  200kB/s
[serve-stderr] Downloading bytes: █████▏    | 78.9MB,  187kB/s
[serve-stderr] Downloading bytes: █████▏    | 78.9MB,  178kB/s
[serve-stderr] Downloading bytes: █████▏    | 78.9MB,  172kB/s
[serve-stderr] Downloading bytes: █████▎    | 79.0MB,  192kB/s
[serve-stderr] Downloading bytes: █████▎    | 79.0MB,  181kB/s
[serve-stderr] Downloading bytes: █████▎    | 79.1MB,  199kB/s
[serve-stderr] Downloading bytes: █████▎    | 79.1MB,  219kB/s
[serve-stderr] Downloading bytes: █████▎    | 79.1MB,  198kB/s
[serve-stderr] Downloading bytes: █████▎    | 79.2MB,  221kB/s
[serve-stderr] Downloading bytes: █████▎    | 79.2MB,  192kB/s
[serve-stderr] Downloading bytes: █████▎    | 79.3MB,  206kB/s
[serve-stderr] Downloading bytes: █████▎    | 79.3MB,  214kB/s
[serve-stderr] Downloading bytes: █████▎    | 79.4MB,  244kB/s
[serve-stderr] Downloading bytes: █████▎    | 79.4MB,  243kB/s
[serve-stderr] Downloading bytes: █████▎    | 79.4MB,  256kB/s
[serve-stderr] Downloading bytes: █████▎    | 79.5MB,  268kB/s
[serve-stderr] Downloading bytes: █████▎    | 79.5MB,  256kB/s
[serve-stderr] Downloading bytes: █████▎    | 79.6MB,  222kB/s
[serve-stderr] Downloading bytes: █████▎    | 79.6MB,  240kB/s
[serve-stderr] Downloading bytes: █████▎    | 79.6MB,  201kB/s
[serve-stderr] Downloading bytes: █████▎    | 79.7MB,  189kB/s
[serve-stderr] Downloading bytes: █████▎    | 79.7MB,  211kB/s
[serve-stderr] Downloading bytes: █████▎    | 79.8MB,  219kB/s
[serve-stderr] Downloading bytes: █████▎    | 79.8MB,  200kB/s
[serve-stderr] Downloading bytes: █████▎    | 79.9MB,  250kB/s
[serve-stderr] Downloading bytes: █████▎    | 79.9MB,  245kB/s
[serve-stderr] Downloading bytes: █████▎    | 79.9MB,  258kB/s
[serve-stderr] Downloading bytes: █████▎    | 80.0MB,  270kB/s
[serve-stderr] Downloading bytes: █████▎    | 80.0MB,  280kB/s
[serve-stderr] Downloading bytes: █████▎    | 80.1MB,  288kB/s
[serve-stderr] Downloading bytes: █████▎    | 80.1MB,  298kB/s
[serve-stderr] Downloading bytes: █████▎    | 80.1MB,  301kB/s
[serve-stderr] Downloading bytes: █████▎    | 80.2MB,  302kB/s
[serve-stderr] Downloading bytes: █████▎    | 80.3MB,  386kB/s
[serve-stderr] Downloading bytes: █████▎    | 80.3MB,  354kB/s
[serve-stderr] Downloading bytes: █████▎    | 80.3MB,  381kB/s
[serve-stderr] Downloading bytes: █████▎    | 80.4MB,  402kB/s
[serve-stderr] Downloading bytes: █████▎    | 80.5MB,  367kB/s
[serve-stderr] Downloading bytes: █████▎    | 80.5MB,  348kB/s
[serve-stderr] Downloading bytes: █████▎    | 80.6MB,  373kB/s
[serve-stderr] Downloading bytes: █████▎    | 80.7MB,  397kB/s
[serve-stderr] Downloading bytes: █████▎    | 80.7MB,  395kB/s
[serve-stderr] Downloading bytes: █████▎    | 80.8MB,  365kB/s
[serve-stderr] Downloading bytes: █████▎    | 80.8MB,  320kB/s
[serve-stderr] Downloading bytes: █████▍    | 80.9MB,  320kB/s
[serve-stderr] Downloading bytes: █████▍    | 81.0MB,  274kB/s
[serve-stderr] Downloading bytes: █████▍    | 81.0MB,  263kB/s
[serve-stderr] Downloading bytes: █████▍    | 81.0MB,  271kB/s
[serve-stderr] Downloading bytes: █████▍    | 81.1MB,  279kB/s
[serve-stderr] Downloading bytes: █████▍    | 81.1MB,  263kB/s
[serve-stderr] Downloading bytes: █████▍    | 81.1MB,  228kB/s
[serve-stderr] Downloading bytes: █████▍    | 81.2MB,  246kB/s
[serve-stderr] Downloading bytes: █████▍    | 81.2MB,  215kB/s
[serve-stderr] Downloading bytes: █████▍    | 81.3MB,  195kB/s
[serve-stderr] Downloading bytes: █████▍    | 81.3MB,  208kB/s
[serve-stderr] Downloading bytes: █████▍    | 81.3MB,  191kB/s
[serve-stderr] Downloading bytes: █████▍    | 81.3MB,  181kB/s
[serve-stderr] Downloading bytes: █████▍    | 81.4MB,  205kB/s
[serve-stderr] Downloading bytes: █████▍    | 81.4MB,  189kB/s
[serve-stderr] Downloading bytes: █████▍    | 81.4MB,  213kB/s
[serve-stderr] Downloading bytes: █████▍    | 81.5MB,  193kB/s
[serve-stderr] Downloading bytes: █████▍    | 81.5MB,  218kB/s
[serve-stderr] Downloading bytes: █████▍    | 81.6MB,  195kB/s
[serve-stderr] Downloading bytes: █████▍    | 81.6MB,  208kB/s
[serve-stderr] Downloading bytes: █████▍    | 81.7MB,  218kB/s
[serve-stderr] Downloading bytes: █████▍    | 81.7MB,  224kB/s
[serve-stderr] Downloading bytes: █████▍    | 81.7MB,  240kB/s
[serve-stderr] Downloading bytes: █████▍    | 81.8MB,  239kB/s
[serve-stderr] Downloading bytes: █████▍    | 81.8MB,  237kB/s
[serve-stderr] Downloading bytes: █████▍    | 81.9MB,  236kB/s
[serve-stderr] Downloading bytes: █████▍    | 81.9MB,  251kB/s
[serve-stderr] Downloading bytes: █████▍    | 81.9MB,  264kB/s
[serve-stderr] Downloading bytes: █████▍    | 82.0MB,  278kB/s
[serve-stderr] Downloading bytes: █████▍    | 82.0MB,  286kB/s
[serve-stderr] Downloading bytes: █████▍    | 82.1MB,  334kB/s
[serve-stderr] Downloading bytes: █████▍    | 82.2MB,  358kB/s
[serve-stderr] Downloading bytes: █████▍    | 82.2MB,  342kB/s
[serve-stderr] Downloading bytes: █████▍    | 82.3MB,  368kB/s
[serve-stderr] Downloading bytes: █████▍    | 82.3MB,  347kB/s
[serve-stderr] Downloading bytes: █████▍    | 82.4MB,  335kB/s
[serve-stderr] Downloading bytes: █████▍    | 82.5MB,  357kB/s
[serve-stderr] Downloading bytes: █████▍    | 82.6MB,  380kB/s
[serve-stderr] Downloading bytes: █████▍    | 82.6MB,  383kB/s
[serve-stderr] Downloading bytes: █████▍    | 82.7MB,  385kB/s
[serve-stderr] Downloading bytes: █████▌    | 82.7MB,  336kB/s
[serve-stderr] Downloading bytes: █████▌    | 82.8MB,  361kB/s
[serve-stderr] Downloading bytes: █████▌    | 82.9MB,  383kB/s
[serve-stderr] Downloading bytes: █████▌    | 82.9MB,  386kB/s
[serve-stderr] Downloading bytes: █████▌    | 83.0MB,  403kB/s
[serve-stderr] Downloading bytes: █████▌    | 83.0MB,  370kB/s
[serve-stderr] Downloading bytes: █████▌    | 83.1MB,  392kB/s
[serve-stderr] Downloading bytes: █████▌    | 83.2MB,  393kB/s
[serve-stderr] Downloading bytes: █████▌    | 83.2MB,  364kB/s
[serve-stderr] Downloading bytes: █████▌    | 83.3MB,  385kB/s
[serve-stderr] Downloading bytes: █████▌    | 83.3MB,  332kB/s
[serve-stderr] Downloading bytes: █████▌    | 83.4MB,  325kB/s
[serve-stderr] Downloading bytes: █████▌    | 83.5MB,  323kB/s
[serve-stderr] Downloading bytes: █████▌    | 83.5MB,  294kB/s
[serve-stderr] Downloading bytes: █████▌    | 83.5MB,  297kB/s
[serve-stderr] Downloading bytes: █████▌    | 83.6MB,  300kB/s
[serve-stderr] Downloading bytes: █████▌    | 83.6MB,  303kB/s
[serve-stderr] Downloading bytes: █████▌    | 83.6MB,  305kB/s
[serve-stderr] Downloading bytes: █████▌    | 83.7MB,  307kB/s
[serve-stderr] Downloading bytes: █████▌    | 83.7MB,  308kB/s
[serve-stderr] Downloading bytes: █████▌    | 83.7MB,  311kB/s
[serve-stderr] Downloading bytes: █████▌    | 83.8MB,  311kB/s
[serve-stderr] Downloading bytes: █████▌    | 83.8MB,  358kB/s
[serve-stderr] Downloading bytes: █████▌    | 83.9MB,  339kB/s
[serve-stderr] Downloading bytes: █████▌    | 83.9MB,  298kB/s
[serve-stderr] Downloading bytes: █████▌    | 84.0MB,  277kB/s
[serve-stderr] Downloading bytes: █████▌    | 84.0MB,  284kB/s
[serve-stderr] Downloading bytes: █████▌    | 84.1MB,  266kB/s
[serve-stderr] Downloading bytes: █████▌    | 84.1MB,  255kB/s
[serve-stderr] Downloading bytes: █████▌    | 84.2MB,  249kB/s
[serve-stderr] Downloading bytes: █████▌    | 84.2MB,  220kB/s
[serve-stderr] Downloading bytes: █████▌    | 84.2MB,  237kB/s
[serve-stderr] Downloading bytes: █████▌    | 84.3MB,  209kB/s
[serve-stderr] Downloading bytes: █████▌    | 84.3MB,  244kB/s
[serve-stderr] Downloading bytes: █████▌    | 84.3MB,  146kB/s
[serve-stderr] Downloading bytes: █████▌    | 84.4MB,  148kB/s
[serve-stderr] Downloading bytes: █████▌    | 84.4MB,  172kB/s
[serve-stderr] Downloading bytes: █████▌    | 84.4MB,  167kB/s
[serve-stderr] Downloading bytes: █████▌    | 84.5MB,  128kB/s
[serve-stderr] Downloading bytes: █████▌    | 84.5MB,  154kB/s
[serve-stderr] Downloading bytes: █████▌    | 84.6MB,  177kB/s
[serve-stderr] Downloading bytes: █████▌    | 84.6MB,  149kB/s
[serve-stderr] Downloading bytes: █████▋    | 84.6MB, 78.5kB/s
[serve-stderr] Downloading bytes: █████▋    | 84.7MB, 90.0kB/s
[serve-stderr] Downloading bytes: █████▋    | 84.7MB, 96.4kB/s
[serve-stderr] Downloading bytes: █████▋    | 84.7MB,  104kB/s
[serve-stderr] Downloading bytes: █████▋    | 84.7MB,  112kB/s
[serve-stderr] Downloading bytes: █████▋    | 84.7MB,  120kB/s
[serve-stderr] Downloading bytes: █████▋    | 84.7MB,  127kB/s
[serve-stderr] Downloading bytes: █████▋    | 84.8MB,  134kB/s
[serve-stderr] Downloading bytes: █████▋    | 84.8MB,  178kB/s
[serve-stderr] Downloading bytes: █████▋    | 84.8MB,  170kB/s
[serve-stderr] Downloading bytes: █████▋    | 84.9MB,  202kB/s
[serve-stderr] Downloading bytes: █████▋    | 84.9MB,  185kB/s
[serve-stderr] Downloading bytes: █████▋    | 84.9MB,  175kB/s
[serve-stderr] Downloading bytes: █████▋    | 85.0MB,  169kB/s
[serve-stderr] Downloading bytes: █████▋    | 85.0MB,  165kB/s
[serve-stderr] Downloading bytes: █████▋    | 85.0MB,  195kB/s
[serve-stderr] Downloading bytes: █████▋    | 85.1MB,  181kB/s
[serve-stderr] Downloading bytes: █████▋    | 85.1MB,  207kB/s
[serve-stderr] Downloading bytes: █████▋    | 85.1MB,  231kB/s
[serve-stderr] Downloading bytes: █████▋    | 85.2MB,  202kB/s
[serve-stderr] Downloading bytes: █████▋    | 85.2MB,  187kB/s
[serve-stderr] Downloading bytes: █████▋    | 85.3MB,  203kB/s
[serve-stderr] Downloading bytes: █████▋    | 85.3MB,  184kB/s
[serve-stderr] Downloading bytes: █████▋    | 85.3MB,  177kB/s
[serve-stderr] Downloading bytes: █████▋    | 85.4MB,  171kB/s
[serve-stderr] Downloading bytes: █████▋    | 85.4MB,  167kB/s
[serve-stderr] Downloading bytes: █████▋    | 85.4MB,  126kB/s
[serve-stderr] Downloading bytes: █████▋    | 85.4MB,  130kB/s
[serve-stderr] Downloading bytes: █████▋    | 85.4MB,  135kB/s
[serve-stderr] Downloading bytes: █████▋    | 85.5MB,  139kB/s
[serve-stderr] Downloading bytes: █████▋    | 85.5MB,  144kB/s
[serve-stderr] Downloading bytes: █████▋    | 85.5MB,  147kB/s
[serve-stderr] Downloading bytes: █████▋    | 85.5MB,  149kB/s
[serve-stderr] Downloading bytes: █████▋    | 85.5MB,  151kB/s
[serve-stderr] Downloading bytes: █████▋    | 85.6MB,  119kB/s
[serve-stderr] Downloading bytes: █████▋    | 85.6MB,  133kB/s
[serve-stderr] Downloading bytes: █████▋    | 85.6MB,  114kB/s
[serve-stderr] Downloading bytes: █████▋    | 85.6MB,  122kB/s
[serve-stderr] Downloading bytes: █████▋    | 85.6MB,  106kB/s
[serve-stderr] Downloading bytes: █████▋    | 85.7MB, 97.6kB/s
[serve-stderr] Downloading bytes: █████▋    | 85.7MB,  140kB/s
[serve-stderr] Downloading bytes: █████▋    | 85.7MB,  147kB/s
[serve-stderr] Downloading bytes: █████▋    | 85.7MB,  150kB/s
[serve-stderr] Downloading bytes: █████▋    | 85.8MB,  127kB/s
[serve-stderr] Downloading bytes: █████▋    | 85.8MB,  132kB/s
[serve-stderr] Downloading bytes: █████▋    | 85.8MB,  114kB/s
[serve-stderr] Downloading bytes: █████▋    | 85.8MB, 88.0kB/s
[serve-stderr] Downloading bytes: █████▋    | 85.8MB, 66.5kB/s
[serve-stderr] Downloading bytes: █████▋    | 85.8MB, 79.1kB/s
[serve-stderr] Downloading bytes: █████▋    | 85.9MB, 61.7kB/s
[serve-stderr] Downloading bytes: █████▋    | 85.9MB, 65.6kB/s
[serve-stderr] Downloading bytes: █████▋    | 85.9MB, 79.5kB/s
[serve-stderr] Downloading bytes: █████▋    | 85.9MB, 93.0kB/s
[serve-stderr] Downloading bytes: █████▋    | 86.0MB,  137kB/s
[serve-stderr] Downloading bytes: █████▋    | 86.0MB,  122kB/s
[serve-stderr] Downloading bytes: █████▋    | 86.0MB,  157kB/s
[serve-stderr] Downloading bytes: █████▋    | 86.1MB,  156kB/s
[serve-stderr] Downloading bytes: █████▋    | 86.1MB,  156kB/s
[serve-stderr] Downloading bytes: █████▋    | 86.1MB,  186kB/s
[serve-stderr] Downloading bytes: █████▋    | 86.2MB,  205kB/s
[serve-stderr] Downloading bytes: █████▋    | 86.2MB,  214kB/s
[serve-stderr] Downloading bytes: █████▋    | 86.3MB,  222kB/s
[serve-stderr] Downloading bytes: █████▋    | 86.3MB,  226kB/s
[serve-stderr] Downloading bytes: █████▋    | 86.4MB,  253kB/s
[serve-stderr] Downloading bytes: █████▋    | 86.4MB,  223kB/s
[serve-stderr] Downloading bytes: █████▋    | 86.5MB,  239kB/s
[serve-stderr] Downloading bytes: █████▊    | 86.5MB,  286kB/s
[serve-stderr] Downloading bytes: █████▊    | 86.6MB,  268kB/s
[serve-stderr] Downloading bytes: █████▊    | 86.6MB,  310kB/s
[serve-stderr] Downloading bytes: █████▊    | 86.7MB,  312kB/s
[serve-stderr] Downloading bytes: █████▊    | 86.8MB,  312kB/s
[serve-stderr] Downloading bytes: █████▊    | 86.8MB,  314kB/s
[serve-stderr] Downloading bytes: █████▊    | 86.8MB,  313kB/s
[serve-stderr] Downloading bytes: █████▊    | 86.9MB,  313kB/s
[serve-stderr] Downloading bytes: █████▊    | 86.9MB,  285kB/s
[serve-stderr] Downloading bytes: █████▊    | 86.9MB,  291kB/s
[serve-stderr] Downloading bytes: █████▊    | 87.0MB,  295kB/s
[serve-stderr] Downloading bytes: █████▊    | 87.0MB,  300kB/s
[serve-stderr] Downloading bytes: █████▊    | 87.0MB,  303kB/s
[serve-stderr] Downloading bytes: █████▊    | 87.1MB,  305kB/s
[serve-stderr] Downloading bytes: █████▊    | 87.1MB,  307kB/s
[serve-stderr] Downloading bytes: █████▊    | 87.2MB,  353kB/s
[serve-stderr] Downloading bytes: █████▊    | 87.2MB,  334kB/s
[serve-stderr] Downloading bytes: █████▊    | 87.3MB,  328kB/s
[serve-stderr] Downloading bytes: █████▊    | 87.4MB,  351kB/s
[serve-stderr] Downloading bytes: █████▊    | 87.4MB,  377kB/s
[serve-stderr] Downloading bytes: █████▊    | 87.5MB,  325kB/s
[serve-stderr] Downloading bytes: █████▊    | 87.5MB,  321kB/s
[serve-stderr] Downloading bytes: █████▊    | 87.6MB,  353kB/s
[serve-stderr] Downloading bytes: █████▊    | 87.7MB,  311kB/s
[serve-stderr] Downloading bytes: █████▊    | 87.7MB,  311kB/s
[serve-stderr] Downloading bytes: █████▊    | 87.7MB,  286kB/s
[serve-stderr] Downloading bytes: █████▊    | 87.8MB,  293kB/s
[serve-stderr] Downloading bytes: █████▊    | 87.8MB,  274kB/s
[serve-stderr] Downloading bytes: █████▊    | 87.9MB,  282kB/s
[serve-stderr] Downloading bytes: █████▊    | 87.9MB,  291kB/s
[serve-stderr] Downloading bytes: █████▊    | 87.9MB,  296kB/s
[serve-stderr] Downloading bytes: █████▊    | 88.0MB,  270kB/s
[serve-stderr] Downloading bytes: █████▊    | 88.0MB,  258kB/s
[serve-stderr] Downloading bytes: █████▊    | 88.0MB,  222kB/s
[serve-stderr] Downloading bytes: █████▊    | 88.1MB,  240kB/s
[serve-stderr] Downloading bytes: █████▊    | 88.1MB,  211kB/s
[serve-stderr] Downloading bytes: █████▊    | 88.2MB,  219kB/s
[serve-stderr] Downloading bytes: █████▊    | 88.2MB,  237kB/s
[serve-stderr] Downloading bytes: █████▊    | 88.2MB,  253kB/s
[serve-stderr] Downloading bytes: █████▊    | 88.3MB,  304kB/s
[serve-stderr] Downloading bytes: █████▊    | 88.3MB,  307kB/s
[serve-stderr] Downloading bytes: █████▉    | 88.4MB,  308kB/s
[serve-stderr] Downloading bytes: █████▉    | 88.4MB,  347kB/s
[serve-stderr] Downloading bytes: █████▉    | 88.5MB,  250kB/s
[serve-stderr] Downloading bytes: █████▉    | 88.5MB,  262kB/s
[serve-stderr] Downloading bytes: █████▉    | 88.6MB,  226kB/s
[serve-stderr] Downloading bytes: █████▉    | 88.6MB,  276kB/s
[serve-stderr] Downloading bytes: █████▉    | 88.6MB,  231kB/s
[serve-stderr] Downloading bytes: █████▉    | 88.7MB,  200kB/s
[serve-stderr] Downloading bytes: █████▉    | 88.7MB,  188kB/s
[serve-stderr] Downloading bytes: █████▉    | 88.8MB,  179kB/s
[serve-stderr] Downloading bytes: █████▉    | 88.8MB,  196kB/s
[serve-stderr] Downloading bytes: █████▉    | 88.8MB,  180kB/s
[serve-stderr] Downloading bytes: █████▉    | 88.9MB,  174kB/s
[serve-stderr] Downloading bytes: █████▉    | 88.9MB,  169kB/s
[serve-stderr] Downloading bytes: █████▉    | 89.0MB,  165kB/s
[serve-stderr] Downloading bytes: █████▉    | 89.0MB,  163kB/s
[serve-stderr] Downloading bytes: █████▉    | 89.0MB,  188kB/s
[serve-stderr] Downloading bytes: █████▉    | 89.1MB,  202kB/s
[serve-stderr] Downloading bytes: █████▉    | 89.1MB,  163kB/s
[serve-stderr] Downloading bytes: █████▉    | 89.1MB,  187kB/s
[serve-stderr] Downloading bytes: █████▉    | 89.2MB,  154kB/s
[serve-stderr] Downloading bytes: █████▉    | 89.2MB,  177kB/s
[serve-stderr] Downloading bytes: █████▉    | 89.3MB,  171kB/s
[serve-stderr] Downloading bytes: █████▉    | 89.3MB,  168kB/s
[serve-stderr] Downloading bytes: █████▉    | 89.3MB,  165kB/s
[serve-stderr] Downloading bytes: █████▉    | 89.4MB,  143kB/s
[serve-stderr] Downloading bytes: █████▉    | 89.4MB,  168kB/s
[serve-stderr] Downloading bytes: █████▉    | 89.4MB,  143kB/s
[serve-stderr] Downloading bytes: █████▉    | 89.4MB,  130kB/s
[serve-stderr] Downloading bytes: █████▉    | 89.5MB,  134kB/s
[serve-stderr] Downloading bytes: █████▉    | 89.5MB,  165kB/s
[serve-stderr] Downloading bytes: █████▉    | 89.5MB,  162kB/s
[serve-stderr] Downloading bytes: █████▉    | 89.6MB,  191kB/s
[serve-stderr] Downloading bytes: █████▉    | 89.6MB,  179kB/s
[serve-stderr] Downloading bytes: █████▉    | 89.6MB,  206kB/s
[serve-stderr] Downloading bytes: █████▉    | 89.7MB,  232kB/s
[serve-stderr] Downloading bytes: █████▉    | 89.7MB,  251kB/s
[serve-stderr] Downloading bytes: █████▉    | 89.7MB,  267kB/s
[serve-stderr] Downloading bytes: █████▉    | 89.8MB,  279kB/s
[serve-stderr] Downloading bytes: █████▉    | 89.8MB,  260kB/s
[serve-stderr] Downloading bytes: █████▉    | 89.9MB,  221kB/s
[serve-stderr] Downloading bytes: █████▉    | 89.9MB,  274kB/s
[serve-stderr] Downloading bytes: █████▉    | 90.0MB,  187kB/s
[serve-stderr] Downloading bytes: █████▉    | 90.0MB,  179kB/s
[serve-stderr] Downloading bytes: █████▉    | 90.0MB,  172kB/s
[serve-stderr] Downloading bytes: █████▉    | 90.1MB,  189kB/s
[serve-stderr] Downloading bytes: █████▉    | 90.1MB,  201kB/s
[serve-stderr] Downloading bytes: █████▉    | 90.2MB,  189kB/s
[serve-stderr] Downloading bytes: █████▉    | 90.2MB,  210kB/s
[serve-stderr] Downloading bytes: █████▉    | 90.2MB,  230kB/s
[serve-stderr] Downloading bytes: ██████    | 90.3MB,  205kB/s
[serve-stderr] Downloading bytes: ██████    | 90.3MB,  188kB/s
[serve-stderr] Downloading bytes: ██████    | 90.4MB,  176kB/s
[serve-stderr] Downloading bytes: ██████    | 90.4MB,  150kB/s
[serve-stderr] Downloading bytes: ██████    | 90.4MB,  152kB/s
[serve-stderr] Downloading bytes: ██████    | 90.5MB,  173kB/s
[serve-stderr] Downloading bytes: ██████    | 90.5MB,  195kB/s
[serve-stderr] Downloading bytes: ██████    | 90.5MB,  183kB/s
[serve-stderr] Downloading bytes: ██████    | 90.6MB,  206kB/s
[serve-stderr] Downloading bytes: ██████    | 90.6MB,  217kB/s
[serve-stderr] Downloading bytes: ██████    | 90.7MB,  222kB/s
[serve-stderr] Downloading bytes: ██████    | 90.7MB,  239kB/s
[serve-stderr] Downloading bytes: ██████    | 90.8MB,  256kB/s
[serve-stderr] Downloading bytes: ██████    | 90.8MB,  248kB/s
[serve-stderr] Downloading bytes: ██████    | 90.8MB,  262kB/s
[serve-stderr] Downloading bytes: ██████    | 90.9MB,  276kB/s
[serve-stderr] Downloading bytes: ██████    | 90.9MB,  288kB/s
[serve-stderr] Downloading bytes: ██████    | 90.9MB,  294kB/s
[serve-stderr] Downloading bytes: ██████    | 91.0MB,  342kB/s
[serve-stderr] Downloading bytes: ██████    | 91.0MB,  297kB/s
[serve-stderr] Downloading bytes: ██████    | 91.0MB,  301kB/s
[serve-stderr] Downloading bytes: ██████    | 91.1MB,  304kB/s
[serve-stderr] Downloading bytes: ██████    | 91.1MB,  242kB/s
[serve-stderr] Downloading bytes: ██████    | 91.1MB,  258kB/s
[serve-stderr] Downloading bytes: ██████    | 91.2MB,  273kB/s
[serve-stderr] Downloading bytes: ██████    | 91.2MB,  284kB/s
[serve-stderr] Downloading bytes: ██████    | 91.3MB,  292kB/s
[serve-stderr] Downloading bytes: ██████    | 91.3MB,  267kB/s
[serve-stderr] Downloading bytes: ██████    | 91.3MB,  277kB/s
[serve-stderr] Downloading bytes: ██████    | 91.4MB,  289kB/s
[serve-stderr] Downloading bytes: ██████    | 91.4MB,  233kB/s
[serve-stderr] Downloading bytes: ██████    | 91.4MB,  288kB/s
[serve-stderr] Downloading bytes: ██████    | 91.5MB,  294kB/s
[serve-stderr] Downloading bytes: ██████    | 91.5MB,  298kB/s
[serve-stderr] Downloading bytes: ██████    | 91.6MB,  304kB/s
[serve-stderr] Downloading bytes: ██████    | 91.6MB,  277kB/s
[serve-stderr] Downloading bytes: ██████    | 91.7MB,  264kB/s
[serve-stderr] Downloading bytes: ██████    | 91.7MB,  274kB/s
[serve-stderr] Downloading bytes: ██████    | 91.8MB,  283kB/s
[serve-stderr] Downloading bytes: ██████    | 91.8MB,  264kB/s
[serve-stderr] Downloading bytes: ██████    | 91.9MB,  281kB/s
[serve-stderr] Downloading bytes: ██████    | 91.9MB,  288kB/s
[serve-stderr] Downloading bytes: ██████    | 92.0MB,  328kB/s
[serve-stderr] Downloading bytes: ██████    | 92.0MB,  322kB/s
[serve-stderr] Downloading bytes: ██████    | 92.1MB,  271kB/s
[serve-stderr] Downloading bytes: ██████▏   | 92.1MB,  307kB/s
[serve-stderr] Downloading bytes: ██████▏   | 92.2MB,  310kB/s
[serve-stderr] Downloading bytes: ██████▏   | 92.3MB,  311kB/s
[serve-stderr] Downloading bytes: ██████▏   | 92.3MB,  289kB/s
[serve-stderr] Downloading bytes: ██████▏   | 92.4MB,  296kB/s
[serve-stderr] Downloading bytes: ██████▏   | 92.4MB,  278kB/s
[serve-stderr] Downloading bytes: ██████▏   | 92.4MB,  284kB/s
[serve-stderr] Downloading bytes: ██████▏   | 92.5MB,  292kB/s
[serve-stderr] Downloading bytes: ██████▏   | 92.5MB,  296kB/s
[serve-stderr] Downloading bytes: ██████▏   | 92.5MB,  303kB/s
[serve-stderr] Downloading bytes: ██████▏   | 92.6MB,  306kB/s
[serve-stderr] Downloading bytes: ██████▏   | 92.6MB,  308kB/s
[serve-stderr] Downloading bytes: ██████▏   | 92.7MB,  310kB/s
[serve-stderr] Downloading bytes: ██████▏   | 92.7MB,  355kB/s
[serve-stderr] Downloading bytes: ██████▏   | 92.7MB,  300kB/s
[serve-stderr] Downloading bytes: ██████▏   | 92.8MB,  303kB/s
[serve-stderr] Downloading bytes: ██████▏   | 92.8MB,  275kB/s
[serve-stderr] Downloading bytes: ██████▏   | 92.9MB,  284kB/s
[serve-stderr] Downloading bytes: ██████▏   | 92.9MB,  293kB/s
[serve-stderr] Downloading bytes: ██████▏   | 92.9MB,  237kB/s
[serve-stderr] Downloading bytes: ██████▏   | 93.0MB,  256kB/s
[serve-stderr] Downloading bytes: ██████▏   | 93.0MB,  249kB/s
[serve-stderr] Downloading bytes: ██████▏   | 93.1MB,  243kB/s
[serve-stderr] Downloading bytes: ██████▏   | 93.1MB,  242kB/s
[serve-stderr] Downloading bytes: ██████▏   | 93.1MB,  215kB/s
[serve-stderr] Downloading bytes: ██████▏   | 93.2MB,  196kB/s
[serve-stderr] Downloading bytes: ██████▏   | 93.2MB,  209kB/s
[serve-stderr] Downloading bytes: ██████▏   | 93.3MB,  217kB/s
[serve-stderr] Downloading bytes: ██████▏   | 93.3MB,  225kB/s
[serve-stderr] Downloading bytes: ██████▏   | 93.4MB,  269kB/s
[serve-stderr] Downloading bytes: ██████▏   | 93.4MB,  279kB/s
[serve-stderr] Downloading bytes: ██████▏   | 93.4MB,  289kB/s
[serve-stderr] Downloading bytes: ██████▏   | 93.5MB,  268kB/s
[serve-stderr] Downloading bytes: ██████▏   | 93.5MB,  315kB/s
[serve-stderr] Downloading bytes: ██████▏   | 93.6MB,  285kB/s
[serve-stderr] Downloading bytes: ██████▏   | 93.6MB,  290kB/s
[serve-stderr] Downloading bytes: ██████▏   | 93.7MB,  300kB/s
[serve-stderr] Downloading bytes: ██████▏   | 93.8MB,  278kB/s
[serve-stderr] Downloading bytes: ██████▏   | 93.8MB,  290kB/s
[serve-stderr] Downloading bytes: ██████▏   | 93.9MB,  299kB/s
[serve-stderr] Downloading bytes: ██████▏   | 93.9MB,  330kB/s
[serve-stderr] Downloading bytes: ██████▏   | 94.0MB,  304kB/s
[serve-stderr] Downloading bytes: ██████▎   | 94.0MB,  308kB/s
[serve-stderr] Downloading bytes: ██████▎   | 94.1MB,  309kB/s
[serve-stderr] Downloading bytes: ██████▎   | 94.1MB,  285kB/s
[serve-stderr] Downloading bytes: ██████▎   | 94.1MB,  293kB/s
[serve-stderr] Downloading bytes: ██████▎   | 94.2MB,  244kB/s
[serve-stderr] Downloading bytes: ██████▎   | 94.2MB,  259kB/s
[serve-stderr] Downloading bytes: ██████▎   | 94.2MB,  223kB/s
[serve-stderr] Downloading bytes: ██████▎   | 94.3MB,  242kB/s
[serve-stderr] Downloading bytes: ██████▎   | 94.3MB,  262kB/s
[serve-stderr] Downloading bytes: ██████▎   | 94.3MB,  220kB/s
[serve-stderr] Downloading bytes: ██████▎   | 94.4MB,  242kB/s
[serve-stderr] Downloading bytes: ██████▎   | 94.4MB,  259kB/s
[serve-stderr] Downloading bytes: ██████▎   | 94.4MB,  253kB/s
[serve-stderr] Downloading bytes: ██████▎   | 94.5MB,  268kB/s
[serve-stderr] Downloading bytes: ██████▎   | 94.5MB,  227kB/s
[serve-stderr] Downloading bytes: ██████▎   | 94.5MB,  248kB/s
[serve-stderr] Downloading bytes: ██████▎   | 94.6MB,  214kB/s
[serve-stderr] Downloading bytes: ██████▎   | 94.6MB,  223kB/s
[serve-stderr] Downloading bytes: ██████▎   | 94.7MB,  229kB/s
[serve-stderr] Downloading bytes: ██████▎   | 94.7MB,  232kB/s
[serve-stderr] Downloading bytes: ██████▎   | 94.8MB,  248kB/s
[serve-stderr] Downloading bytes: ██████▎   | 94.8MB,  261kB/s
[serve-stderr] Downloading bytes: ██████▎   | 94.8MB,  273kB/s
[serve-stderr] Downloading bytes: ██████▎   | 94.8MB,  284kB/s
[serve-stderr] Downloading bytes: ██████▎   | 94.9MB,  293kB/s
[serve-stderr] Downloading bytes: ██████▎   | 94.9MB,  239kB/s
[serve-stderr] Downloading bytes: ██████▎   | 95.0MB,  257kB/s
[serve-stderr] Downloading bytes: ██████▎   | 95.0MB,  208kB/s
[serve-stderr] Downloading bytes: ██████▎   | 95.1MB,  240kB/s
[serve-stderr] Downloading bytes: ██████▎   | 95.1MB,  172kB/s
[serve-stderr] Downloading bytes: ██████▎   | 95.2MB,  231kB/s
[serve-stderr] Downloading bytes: ██████▎   | 95.2MB,  240kB/s
[serve-stderr] Downloading bytes: ██████▎   | 95.2MB,  246kB/s
[serve-stderr] Downloading bytes: ██████▎   | 95.3MB,  241kB/s
[serve-stderr] Downloading bytes: ██████▎   | 95.3MB,  257kB/s
[serve-stderr] Downloading bytes: ██████▎   | 95.4MB,  220kB/s
[serve-stderr] Downloading bytes: ██████▎   | 95.4MB,  226kB/s
[serve-stderr] Downloading bytes: ██████▎   | 95.4MB,  205kB/s
[serve-stderr] Downloading bytes: ██████▎   | 95.5MB,  143kB/s
[serve-stderr] Downloading bytes: ██████▎   | 95.5MB,  168kB/s
[serve-stderr] Downloading bytes: ██████▎   | 95.6MB,  208kB/s
[serve-stderr] Downloading bytes: ██████▎   | 95.6MB,  217kB/s
[serve-stderr] Downloading bytes: ██████▎   | 95.7MB,  199kB/s
[serve-stderr] Downloading bytes: ██████▎   | 95.7MB,  187kB/s
[serve-stderr] Downloading bytes: ██████▎   | 95.7MB,  201kB/s
[serve-stderr] Downloading bytes: ██████▎   | 95.8MB,  188kB/s
[serve-stderr] Downloading bytes: ██████▎   | 95.8MB,  157kB/s
[serve-stderr] Downloading bytes: ██████▎   | 95.8MB,  129kB/s
[serve-stderr] Downloading bytes: ██████▎   | 95.9MB,  119kB/s
[serve-stderr] Downloading bytes: ██████▎   | 95.9MB,  123kB/s
[serve-stderr] Downloading bytes: ██████▍   | 95.9MB,  112kB/s
[serve-stderr] Downloading bytes: ██████▍   | 95.9MB,  119kB/s
[serve-stderr] Downloading bytes: ██████▍   | 95.9MB,  126kB/s
[serve-stderr] Downloading bytes: ██████▍   | 95.9MB,  110kB/s
[serve-stderr] Downloading bytes: ██████▍   | 96.0MB, 74.6kB/s
[serve-stderr] Downloading bytes: ██████▍   | 96.0MB, 75.9kB/s
[serve-stderr] Downloading bytes: ██████▍   | 96.0MB, 88.7kB/s
[serve-stderr] Downloading bytes: ██████▍   | 96.0MB,  102kB/s
[serve-stderr] Downloading bytes: ██████▍   | 96.0MB,  113kB/s
[serve-stderr] Downloading bytes: ██████▍   | 96.0MB,  124kB/s
[serve-stderr] Downloading bytes: ██████▍   | 96.1MB,  106kB/s
[serve-stderr] Downloading bytes: ██████▍   | 96.1MB,  117kB/s
[serve-stderr] Downloading bytes: ██████▍   | 96.1MB,  102kB/s
[serve-stderr] Downloading bytes: ██████▍   | 96.1MB,  114kB/s
[serve-stderr] Downloading bytes: ██████▍   | 96.2MB,  163kB/s
[serve-stderr] Downloading bytes: ██████▍   | 96.2MB,  161kB/s
[serve-stderr] Downloading bytes: ██████▍   | 96.2MB,  197kB/s
[serve-stderr] Downloading bytes: ██████▍   | 96.3MB,  183kB/s
[serve-stderr] Downloading bytes: ██████▍   | 96.3MB,  211kB/s
[serve-stderr] Downloading bytes: ██████▍   | 96.3MB,  236kB/s
[serve-stderr] Downloading bytes: ██████▍   | 96.4MB,  255kB/s
[serve-stderr] Downloading bytes: ██████▍   | 96.4MB,  246kB/s
[serve-stderr] Downloading bytes: ██████▍   | 96.5MB,  214kB/s
[serve-stderr] Downloading bytes: ██████▍   | 96.5MB,  165kB/s
[serve-stderr] Downloading bytes: ██████▍   | 96.5MB,  163kB/s
[serve-stderr] Downloading bytes: ██████▍   | 96.5MB,  142kB/s
[serve-stderr] Downloading bytes: ██████▍   | 96.6MB,  144kB/s
[serve-stderr] Downloading bytes: ██████▍   | 96.6MB,  148kB/s
[serve-stderr] Downloading bytes: ██████▍   | 96.6MB,  150kB/s
[serve-stderr] Downloading bytes: ██████▍   | 96.6MB,  152kB/s
[serve-stderr] Downloading bytes: ██████▍   | 96.7MB,  154kB/s
[serve-stderr] Downloading bytes: ██████▍   | 96.7MB,  191kB/s
[serve-stderr] Downloading bytes: ██████▍   | 96.7MB,  177kB/s
[serve-stderr] Downloading bytes: ██████▍   | 96.8MB,  145kB/s
[serve-stderr] Downloading bytes: ██████▍   | 96.8MB,  115kB/s
[serve-stderr] Downloading bytes: ██████▍   | 96.8MB,  121kB/s
[serve-stderr] Downloading bytes: ██████▍   | 96.8MB,  127kB/s
[serve-stderr] Downloading bytes: ██████▍   | 96.8MB,  133kB/s
[serve-stderr] Downloading bytes: ██████▍   | 96.8MB,  138kB/s
[serve-stderr] Downloading bytes: ██████▍   | 96.9MB,  142kB/s
[serve-stderr] Downloading bytes: ██████▍   | 96.9MB,  146kB/s
[serve-stderr] Downloading bytes: ██████▍   | 96.9MB,  148kB/s
[serve-stderr] Downloading bytes: ██████▍   | 96.9MB,  150kB/s
[serve-stderr] Downloading bytes: ██████▍   | 97.0MB,  198kB/s
[serve-stderr] Downloading bytes: ██████▍   | 97.0MB,  216kB/s
[serve-stderr] Downloading bytes: ██████▍   | 97.1MB,  277kB/s
[serve-stderr] Downloading bytes: ██████▍   | 97.1MB,  262kB/s
[serve-stderr] Downloading bytes: ██████▍   | 97.1MB,  275kB/s
[serve-stderr] Downloading bytes: ██████▍   | 97.2MB,  284kB/s
[serve-stderr] Downloading bytes: ██████▍   | 97.2MB,  291kB/s
[serve-stderr] Downloading bytes: ██████▍   | 97.3MB,  341kB/s
[serve-stderr] Downloading bytes: ██████▍   | 97.4MB,  331kB/s
[serve-stderr] Downloading bytes: ██████▍   | 97.5MB,  354kB/s
[serve-stderr] Downloading bytes: ██████▍   | 97.5MB,  369kB/s
[serve-stderr] Downloading bytes: ██████▍   | 97.6MB,  376kB/s
[serve-stderr] Downloading bytes: ██████▍   | 97.7MB,  356kB/s
[serve-stderr] Downloading bytes: ██████▍   | 97.7MB,  380kB/s
[serve-stderr] Downloading bytes: ██████▌   | 97.8MB,  384kB/s
[serve-stderr] Downloading bytes: ██████▌   | 97.8MB,  336kB/s
[serve-stderr] Downloading bytes: ██████▌   | 97.9MB,  362kB/s
[serve-stderr] Downloading bytes: ██████▌   | 97.9MB,  386kB/s
[serve-stderr] Downloading bytes: ██████▌   | 98.0MB,  357kB/s
[serve-stderr] Downloading bytes: ██████▌   | 98.0MB,  314kB/s
[serve-stderr] Downloading bytes: ██████▌   | 98.1MB,  345kB/s
[serve-stderr] Downloading bytes: ██████▌   | 98.2MB,  334kB/s
[serve-stderr] Downloading bytes: ██████▌   | 98.2MB,  364kB/s
[serve-stderr] Downloading bytes: ██████▌   | 98.3MB,  348kB/s
[serve-stderr] Downloading bytes: ██████▌   | 98.3MB,  378kB/s
[serve-stderr] Downloading bytes: ██████▌   | 98.4MB,  353kB/s
[serve-stderr] Downloading bytes: ██████▌   | 98.4MB,  313kB/s
[serve-stderr] Downloading bytes: ██████▌   | 98.5MB,  344kB/s
[serve-stderr] Downloading bytes: ██████▌   | 98.6MB,  332kB/s
[serve-stderr] Downloading bytes: ██████▌   | 98.6MB,  300kB/s
[serve-stderr] Downloading bytes: ██████▌   | 98.7MB,  333kB/s
[serve-stderr] Downloading bytes: ██████▌   | 98.7MB,  297kB/s
[serve-stderr] Downloading bytes: ██████▌   | 98.7MB,  302kB/s
[serve-stderr] Downloading bytes: ██████▌   | 98.8MB,  304kB/s
[serve-stderr] Downloading bytes: ██████▌   | 98.8MB,  278kB/s
[serve-stderr] Downloading bytes: ██████▌   | 98.8MB,  264kB/s
[serve-stderr] Downloading bytes: ██████▌   | 98.9MB,  276kB/s
[serve-stderr] Downloading bytes: ██████▌   | 98.9MB,  285kB/s
[serve-stderr] Downloading bytes: ██████▌   | 99.0MB,  293kB/s
[serve-stderr] Downloading bytes: ██████▌   | 99.0MB,  270kB/s
[serve-stderr] Downloading bytes: ██████▌   | 99.0MB,  280kB/s
[serve-stderr] Downloading bytes: ██████▌   | 99.1MB,  287kB/s
[serve-stderr] Downloading bytes: ██████▌   | 99.1MB,  294kB/s
[serve-stderr] Downloading bytes: ██████▌   | 99.1MB,  272kB/s
[serve-stderr] Downloading bytes: ██████▌   | 99.2MB,  283kB/s
[serve-stderr] Downloading bytes: ██████▌   | 99.2MB,  264kB/s
[serve-stderr] Downloading bytes: ██████▌   | 99.3MB,  255kB/s
[serve-stderr] Downloading bytes: ██████▌   | 99.3MB,  250kB/s
[serve-stderr] Downloading bytes: ██████▌   | 99.4MB,  245kB/s
[serve-stderr] Downloading bytes: ██████▌   | 99.4MB,  244kB/s
[serve-stderr] Downloading bytes: ██████▌   | 99.5MB,  242kB/s
[serve-stderr] Downloading bytes: ██████▌   | 99.5MB,  256kB/s
[serve-stderr] Downloading bytes: ██████▌   | 99.6MB,  301kB/s
[serve-stderr] Downloading bytes: ██████▌   | 99.6MB,  277kB/s
[serve-stderr] Downloading bytes: ██████▋   | 99.7MB,  291kB/s
[serve-stderr] Downloading bytes: ██████▋   | 99.7MB,  274kB/s
[serve-stderr] Downloading bytes: ██████▋   | 99.8MB,  262kB/s
[serve-stderr] Downloading bytes: ██████▋   | 99.8MB,  253kB/s
[serve-stderr] Downloading bytes: ██████▋   | 99.9MB,  266kB/s
[serve-stderr] Downloading bytes: ██████▋   | 99.9MB,  256kB/s
[serve-stderr] Downloading bytes: ██████▋   | 99.9MB,  248kB/s
[serve-stderr] Downloading bytes: ██████▋   |  100MB,  220kB/s
[serve-stderr] Downloading bytes: ██████▋   |  100MB,  266kB/s
[serve-stderr] Downloading bytes: ██████▋   |  100MB,  256kB/s
[serve-stderr] Downloading bytes: ██████▋   |  100MB,  267kB/s
[serve-stderr] Downloading bytes: ██████▋   |  100MB,  277kB/s
[serve-stderr] Downloading bytes: ██████▋   |  100MB,  285kB/s
[serve-stderr] Downloading bytes: ██████▋   |  100MB,  292kB/s
[serve-stderr] Downloading bytes: ██████▋   |  100MB,  339kB/s
[serve-stderr] Downloading bytes: ██████▋   |  100MB,  330kB/s
[serve-stderr] Downloading bytes: ██████▋   |  100MB,  272kB/s
[serve-stderr] Downloading bytes: ██████▋   |  100MB,  236kB/s
[serve-stderr] Downloading bytes: ██████▋   |  100MB,  236kB/s
[serve-stderr] Downloading bytes: ██████▋   |  101MB,  236kB/s
[serve-stderr] Downloading bytes: ██████▋   |  101MB,  211kB/s
[serve-stderr] Downloading bytes: ██████▋   |  101MB,  194kB/s
[serve-stderr] Downloading bytes: ██████▋   |  101MB,  183kB/s
[serve-stderr] Downloading bytes: ██████▋   |  101MB,  235kB/s
[serve-stderr] Downloading bytes: ██████▋   |  101MB,  282kB/s
[serve-stderr] Downloading bytes: ██████▋   |  101MB,  295kB/s
[serve-stderr] Downloading bytes: ██████▋   |  101MB,  299kB/s
[serve-stderr] Downloading bytes: ██████▋   |  101MB,  340kB/s
[serve-stderr] Downloading bytes: ██████▋   |  101MB,  372kB/s
[serve-stderr] Downloading bytes: ██████▋   |  101MB,  349kB/s
[serve-stderr] Downloading bytes: ██████▋   |  101MB,  376kB/s
[serve-stderr] Downloading bytes: ██████▋   |  101MB,  382kB/s
[serve-stderr] Downloading bytes: ██████▋   |  101MB,  388kB/s
[serve-stderr] Downloading bytes: ██████▋   |  101MB,  363kB/s
[serve-stderr] Downloading bytes: ██████▋   |  101MB,  384kB/s
[serve-stderr] Downloading bytes: ██████▋   |  101MB,  389kB/s
[serve-stderr] Downloading bytes: ██████▋   |  102MB,  363kB/s
[serve-stderr] Downloading bytes: ██████▊   |  102MB,  374kB/s
[serve-stderr] Downloading bytes: ██████▊   |  102MB,  380kB/s
[serve-stderr] Downloading bytes: ██████▊   |  102MB,  361kB/s
[serve-stderr] Downloading bytes: ██████▊   |  102MB,  370kB/s
[serve-stderr] Downloading bytes: ██████▊   |  102MB,  353kB/s
[serve-stderr] Downloading bytes: ██████▊   |  102MB,  374kB/s
[serve-stderr] Downloading bytes: ██████▊   |  102MB,  380kB/s
[serve-stderr] Downloading bytes: ██████▊   |  102MB,  384kB/s
[serve-stderr] Downloading bytes: ██████▊   |  102MB,  386kB/s
[serve-stderr] Downloading bytes: ██████▊   |  102MB,  365kB/s
[serve-stderr] Downloading bytes: ██████▊   |  102MB,  373kB/s
[serve-stderr] Downloading bytes: ██████▊   |  102MB,  354kB/s
[serve-stderr] Downloading bytes: ██████▊   |  102MB,  343kB/s
[serve-stderr] Downloading bytes: ██████▊   |  103MB,  357kB/s
[serve-stderr] Downloading bytes: ██████▊   |  103MB,  378kB/s
[serve-stderr] Downloading bytes: ██████▊   |  103MB,  356kB/s
[serve-stderr] Downloading bytes: ██████▊   |  103MB,  377kB/s
[serve-stderr] Downloading bytes: ██████▊   |  103MB,  382kB/s
[serve-stderr] Downloading bytes: ██████▊   |  103MB,  390kB/s
[serve-stderr] Downloading bytes: ██████▊   |  103MB,  406kB/s
[serve-stderr] Downloading bytes: ██████▊   |  103MB,  374kB/s
[serve-stderr] Downloading bytes: ██████▊   |  103MB,  380kB/s
[serve-stderr] Downloading bytes: ██████▊   |  103MB,  333kB/s
[serve-stderr] Downloading bytes: ██████▊   |  103MB,  359kB/s
[serve-stderr] Downloading bytes: ██████▊   |  103MB,  384kB/s
[serve-stderr] Downloading bytes: ██████▊   |  103MB,  356kB/s
[serve-stderr] Downloading bytes: ██████▊   |  103MB,  343kB/s
[serve-stderr] Downloading bytes: ██████▊   |  103MB,  368kB/s
[serve-stderr] Downloading bytes: ██████▉   |  103MB,  376kB/s
[serve-stderr] Downloading bytes: ██████▉   |  103MB,  327kB/s
[serve-stderr] Downloading bytes: ██████▉   |  104MB,  355kB/s
[serve-stderr] Downloading bytes: ██████▉   |  104MB,  340kB/s
[serve-stderr] Downloading bytes: ██████▉   |  104MB,  366kB/s
[serve-stderr] Downloading bytes: ██████▉   |  104MB,  348kB/s
[serve-stderr] Downloading bytes: ██████▉   |  104MB,  337kB/s
[serve-stderr] Downloading bytes: ██████▉   |  104MB,  354kB/s
[serve-stderr] Downloading bytes: ██████▉   |  104MB,  320kB/s
[serve-stderr] Downloading bytes: ██████▉   |  104MB,  318kB/s
[serve-stderr] Downloading bytes: ██████▉   |  104MB,  318kB/s
[serve-stderr] Downloading bytes: ██████▉   |  104MB,  316kB/s
[serve-stderr] Downloading bytes: ██████▉   |  104MB,  264kB/s
[serve-stderr] Downloading bytes: ██████▉   |  104MB,  275kB/s
[serve-stderr] Downloading bytes: ██████▉   |  104MB,  350kB/s
[serve-stderr] Downloading bytes: ██████▉   |  104MB,  335kB/s
[serve-stderr] Downloading bytes: ██████▉   |  104MB,  327kB/s
[serve-stderr] Downloading bytes: ██████▉   |  104MB,  296kB/s
[serve-stderr] Downloading bytes: ██████▉   |  104MB,  329kB/s
[serve-stderr] Downloading bytes: ██████▉   |  104MB,  295kB/s
[serve-stderr] Downloading bytes: ██████▉   |  105MB,  330kB/s
[serve-stderr] Downloading bytes: ██████▉   |  105MB,  327kB/s
[serve-stderr] Downloading bytes: ██████▉   |  105MB,  297kB/s
[serve-stderr] Downloading bytes: ██████▉   |  105MB,  300kB/s
[serve-stderr] Downloading bytes: ██████▉   |  105MB,  304kB/s
[serve-stderr] Downloading bytes: ██████▉   |  105MB,  306kB/s
[serve-stderr] Downloading bytes: ██████▉   |  105MB,  251kB/s
[serve-stderr] Downloading bytes: ██████▉   |  105MB,  264kB/s
[serve-stderr] Downloading bytes: ██████▉   |  105MB,  254kB/s
[serve-stderr] Downloading bytes: ██████▉   |  105MB,  268kB/s
[serve-stderr] Downloading bytes: ██████▉   |  105MB,  216kB/s
[serve-stderr] Downloading bytes: ██████▉   |  105MB,  222kB/s
[serve-stderr] Downloading bytes: ██████▉   |  105MB,  201kB/s
[serve-stderr] Downloading bytes: ██████▉   |  105MB,  187kB/s
[serve-stderr] Downloading bytes: ██████▉   |  105MB,  154kB/s
[serve-stderr] Downloading bytes: ██████▉   |  105MB,  156kB/s
[serve-stderr] Downloading bytes: ██████▉   |  105MB,  182kB/s
[serve-stderr] Downloading bytes: ██████▉   |  105MB,  198kB/s
[serve-stderr] Downloading bytes: ██████▉   |  105MB,  210kB/s
[serve-stderr] Downloading bytes: ███████   |  105MB,  257kB/s
[serve-stderr] Downloading bytes: ███████   |  105MB,  250kB/s
[serve-stderr] Downloading bytes: ███████   |  105MB,  263kB/s
[serve-stderr] Downloading bytes: ███████   |  105MB,  253kB/s
[serve-stderr] Downloading bytes: ███████   |  106MB,  297kB/s
[serve-stderr] Downloading bytes: ███████   |  106MB,  276kB/s
[serve-stderr] Downloading bytes: ███████   |  106MB,  284kB/s
[serve-stderr] Downloading bytes: ███████   |  106MB,  290kB/s
[serve-stderr] Downloading bytes: ███████   |  106MB,  295kB/s
[serve-stderr] Downloading bytes: ███████   |  106MB,  303kB/s
[serve-stderr] Downloading bytes: ███████   |  106MB,  305kB/s
[serve-stderr] Downloading bytes: ███████   |  106MB,  310kB/s
[serve-stderr] Downloading bytes: ███████   |  106MB,  315kB/s
[serve-stderr] Downloading bytes: ███████   |  106MB,  360kB/s
[serve-stderr] Downloading bytes: ███████   |  106MB,  338kB/s
[serve-stderr] Downloading bytes: ███████   |  106MB,  358kB/s
[serve-stderr] Downloading bytes: ███████   |  106MB,  341kB/s
[serve-stderr] Downloading bytes: ███████   |  106MB,  368kB/s
[serve-stderr] Downloading bytes: ███████   |  106MB,  319kB/s
[serve-stderr] Downloading bytes: ███████   |  106MB,  350kB/s
[serve-stderr] Downloading bytes: ███████   |  106MB,  336kB/s
[serve-stderr] Downloading bytes: ███████   |  106MB,  356kB/s
[serve-stderr] Downloading bytes: ███████   |  106MB,  341kB/s
[serve-stderr] Downloading bytes: ███████   |  106MB,  366kB/s
[serve-stderr] Downloading bytes: ███████   |  107MB,  374kB/s
[serve-stderr] Downloading bytes: ███████   |  107MB,  379kB/s
[serve-stderr] Downloading bytes: ███████   |  107MB,  334kB/s
[serve-stderr] Downloading bytes: ███████   |  107MB,  302kB/s
[serve-stderr] Downloading bytes: ███████   |  107MB,  304kB/s
[serve-stderr] Downloading bytes: ███████   |  107MB,  305kB/s
[serve-stderr] Downloading bytes: ███████   |  107MB,  279kB/s
[serve-stderr] Downloading bytes: ███████   |  107MB,  236kB/s
[serve-stderr] Downloading bytes: ███████   |  107MB,  252kB/s
[serve-stderr] Downloading bytes: ███████   |  107MB,  265kB/s
[serve-stderr] Downloading bytes: ███████   |  107MB,  224kB/s
[serve-stderr] Downloading bytes: ███████   |  107MB,  229kB/s
[serve-stderr] Downloading bytes: ███████   |  107MB,  207kB/s
[serve-stderr] Downloading bytes: ███████   |  107MB,  216kB/s
[serve-stderr] Downloading bytes: ███████   |  107MB,  222kB/s
[serve-stderr] Downloading bytes: ███████▏  |  107MB,  226kB/s
[serve-stderr] Downloading bytes: ███████▏  |  107MB,  242kB/s
[serve-stderr] Downloading bytes: ███████▏  |  107MB,  267kB/s
[serve-stderr] Downloading bytes: ███████▏  |  107MB,  278kB/s
[serve-stderr] Downloading bytes: ███████▏  |  107MB,  286kB/s
[serve-stderr] Downloading bytes: ███████▏  |  107MB,  292kB/s
[serve-stderr] Downloading bytes: ███████▏  |  107MB,  299kB/s
[serve-stderr] Downloading bytes: ███████▏  |  107MB,  303kB/s
[serve-stderr] Downloading bytes: ███████▏  |  108MB,  275kB/s
[serve-stderr] Downloading bytes: ███████▏  |  108MB,  321kB/s
[serve-stderr] Downloading bytes: ███████▏  |  108MB,  318kB/s
[serve-stderr] Downloading bytes: ███████▏  |  108MB,  289kB/s
[serve-stderr] Downloading bytes: ███████▏  |  108MB,  294kB/s
[serve-stderr] Downloading bytes: ███████▏  |  108MB,  334kB/s
[serve-stderr] Downloading bytes: ███████▏  |  108MB,  327kB/s
[serve-stderr] Downloading bytes: ███████▏  |  108MB,  321kB/s
[serve-stderr] Downloading bytes: ███████▏  |  108MB,  320kB/s
[serve-stderr] Downloading bytes: ███████▏  |  108MB,  292kB/s
[serve-stderr] Downloading bytes: ███████▏  |  108MB,  297kB/s
[serve-stderr] Downloading bytes: ███████▏  |  108MB,  300kB/s
[serve-stderr] Downloading bytes: ███████▏  |  108MB,  304kB/s
[serve-stderr] Downloading bytes: ███████▏  |  108MB,  254kB/s
[serve-stderr] Downloading bytes: ███████▏  |  108MB,  265kB/s
[serve-stderr] Downloading bytes: ███████▏  |  108MB,  314kB/s
[serve-stderr] Downloading bytes: ███████▏  |  108MB,  282kB/s
[serve-stderr] Downloading bytes: ███████▏  |  108MB,  289kB/s
[serve-stderr] Downloading bytes: ███████▏  |  108MB,  296kB/s
[serve-stderr] Downloading bytes: ███████▏  |  108MB,  301kB/s
[serve-stderr] Downloading bytes: ███████▏  |  108MB,  241kB/s
[serve-stderr] Downloading bytes: ███████▏  |  108MB,  258kB/s
[serve-stderr] Downloading bytes: ███████▏  |  109MB,  250kB/s
[serve-stderr] Downloading bytes: ███████▏  |  109MB,  272kB/s
[serve-stderr] Downloading bytes: ███████▏  |  109MB,  233kB/s
[serve-stderr] Downloading bytes: ███████▏  |  109MB,  223kB/s
[serve-stderr] Downloading bytes: ███████▏  |  109MB,  205kB/s
[serve-stderr] Downloading bytes: ███████▏  |  109MB,  188kB/s
[serve-stderr] Downloading bytes: ███████▏  |  109MB,  222kB/s
[serve-stderr] Downloading bytes: ███████▏  |  109MB,  238kB/s
[serve-stderr] Downloading bytes: ███████▏  |  109MB,  253kB/s
[serve-stderr] Downloading bytes: ███████▏  |  109MB,  299kB/s
[serve-stderr] Downloading bytes: ███████▏  |  109MB,  274kB/s
[serve-stderr] Downloading bytes: ███████▏  |  109MB,  283kB/s
[serve-stderr] Downloading bytes: ███████▎  |  109MB,  268kB/s
[serve-stderr] Downloading bytes: ███████▎  |  109MB,  278kB/s
[serve-stderr] Downloading bytes: ███████▎  |  109MB,  265kB/s
[serve-stderr] Downloading bytes: ███████▎  |  109MB,  278kB/s
[serve-stderr] Downloading bytes: ███████▎  |  109MB,  289kB/s
[serve-stderr] Downloading bytes: ███████▎  |  109MB,  239kB/s
[serve-stderr] Downloading bytes: ███████▎  |  109MB,  257kB/s
[serve-stderr] Downloading bytes: ███████▎  |  109MB,  273kB/s
[serve-stderr] Downloading bytes: ███████▎  |  109MB,  286kB/s
[serve-stderr] Downloading bytes: ███████▎  |  109MB,  303kB/s
[serve-stderr] Downloading bytes: ███████▎  |  109MB,  277kB/s
[serve-stderr] Downloading bytes: ███████▎  |  109MB,  287kB/s
[serve-stderr] Downloading bytes: ███████▎  |  110MB,  296kB/s
[serve-stderr] Downloading bytes: ███████▎  |  110MB,  270kB/s
[serve-stderr] Downloading bytes: ███████▎  |  110MB,  350kB/s
[serve-stderr] Downloading bytes: ███████▎  |  110MB,  307kB/s
[serve-stderr] Downloading bytes: ███████▎  |  110MB,  344kB/s
[serve-stderr] Downloading bytes: ███████▎  |  110MB,  333kB/s
[serve-stderr] Downloading bytes: ███████▎  |  110MB,  363kB/s
[serve-stderr] Downloading bytes: ███████▎  |  110MB,  376kB/s
[serve-stderr] Downloading bytes: ███████▎  |  110MB,  326kB/s
[serve-stderr] Downloading bytes: ███████▎  |  110MB,  355kB/s
[serve-stderr] Downloading bytes: ███████▎  |  110MB,  316kB/s
[serve-stderr] Downloading bytes: ███████▎  |  110MB,  350kB/s
[serve-stderr] Downloading bytes: ███████▎  |  110MB,  259kB/s
[serve-stderr] Downloading bytes: ███████▎  |  110MB,  276kB/s
[serve-stderr] Downloading bytes: ███████▎  |  110MB,  283kB/s
[serve-stderr] Downloading bytes: ███████▎  |  110MB,  292kB/s
[serve-stderr] Downloading bytes: ███████▎  |  110MB,  298kB/s
[serve-stderr] Downloading bytes: ███████▎  |  110MB,  302kB/s
[serve-stderr] Downloading bytes: ███████▎  |  110MB,  308kB/s
[serve-stderr] Downloading bytes: ███████▎  |  110MB,  282kB/s
[serve-stderr] Downloading bytes: ███████▎  |  111MB,  267kB/s
[serve-stderr] Downloading bytes: ███████▎  |  111MB,  276kB/s
[serve-stderr] Downloading bytes: ███████▎  |  111MB,  286kB/s
[serve-stderr] Downloading bytes: ███████▎  |  111MB,  298kB/s
[serve-stderr] Downloading bytes: ███████▎  |  111MB,  304kB/s
[serve-stderr] Downloading bytes: ███████▎  |  111MB,  308kB/s
[serve-stderr] Downloading bytes: ███████▎  |  111MB,  349kB/s
[serve-stderr] Downloading bytes: ███████▎  |  111MB,  300kB/s
[serve-stderr] Downloading bytes: ███████▎  |  111MB,  248kB/s
[serve-stderr] Downloading bytes: ███████▎  |  111MB,  215kB/s
[serve-stderr] Downloading bytes: ███████▍  |  111MB,  223kB/s
[serve-stderr] Downloading bytes: ███████▍  |  111MB,  242kB/s
[serve-stderr] Downloading bytes: ███████▍  |  111MB,  258kB/s
[serve-stderr] Downloading bytes: ███████▍  |  111MB,  345kB/s
[serve-stderr] Downloading bytes: ███████▍  |  111MB,  333kB/s
[serve-stderr] Downloading bytes: ███████▍  |  111MB,  298kB/s
[serve-stderr] Downloading bytes: ███████▍  |  111MB,  249kB/s
[serve-stderr] Downloading bytes: ███████▍  |  111MB,  323kB/s
[serve-stderr] Downloading bytes: ███████▍  |  111MB,  291kB/s
[serve-stderr] Downloading bytes: ███████▍  |  111MB,  326kB/s
[serve-stderr] Downloading bytes: ███████▍  |  112MB,  326kB/s
[serve-stderr] Downloading bytes: ███████▍  |  112MB,  324kB/s
[serve-stderr] Downloading bytes: ███████▍  |  112MB,  322kB/s
[serve-stderr] Downloading bytes: ███████▍  |  112MB,  318kB/s
[serve-stderr] Downloading bytes: ███████▍  |  112MB,  317kB/s
[serve-stderr] Downloading bytes: ███████▍  |  112MB,  316kB/s
[serve-stderr] Downloading bytes: ███████▍  |  112MB,  318kB/s
[serve-stderr] Downloading bytes: ███████▍  |  112MB,  316kB/s
[serve-stderr] Downloading bytes: ███████▍  |  112MB,  357kB/s
[serve-stderr] Downloading bytes: ███████▍  |  112MB,  340kB/s
[serve-stderr] Downloading bytes: ███████▍  |  112MB,  333kB/s
[serve-stderr] Downloading bytes: ███████▍  |  112MB,  325kB/s
[serve-stderr] Downloading bytes: ███████▍  |  112MB,  321kB/s
[serve-stderr] Downloading bytes: ███████▍  |  112MB,  319kB/s
[serve-stderr] Downloading bytes: ███████▍  |  112MB,  289kB/s
[serve-stderr] Downloading bytes: ███████▍  |  112MB,  293kB/s
[serve-stderr] Downloading bytes: ███████▍  |  112MB,  273kB/s
[serve-stderr] Downloading bytes: ███████▍  |  112MB,  281kB/s
[serve-stderr] Downloading bytes: ███████▍  |  112MB,  290kB/s
[serve-stderr] Downloading bytes: ███████▍  |  112MB,  295kB/s
[serve-stderr] Downloading bytes: ███████▍  |  112MB,  302kB/s
[serve-stderr] Downloading bytes: ███████▍  |  112MB,  307kB/s
[serve-stderr] Downloading bytes: ███████▍  |  112MB,  309kB/s
[serve-stderr] Downloading bytes: ███████▍  |  113MB,  313kB/s
[serve-stderr] Downloading bytes: ███████▍  |  113MB,  312kB/s
[serve-stderr] Downloading bytes: ███████▍  |  113MB,  313kB/s
[serve-stderr] Downloading bytes: ███████▍  |  113MB,  359kB/s
[serve-stderr] Downloading bytes: ███████▍  |  113MB,  275kB/s
[serve-stderr] Downloading bytes: ███████▍  |  113MB,  283kB/s
[serve-stderr] Downloading bytes: ███████▍  |  113MB,  264kB/s
[serve-stderr] Downloading bytes: ███████▌  |  113MB,  254kB/s
[serve-stderr] Downloading bytes: ███████▌  |  113MB,  265kB/s
[serve-stderr] Downloading bytes: ███████▌  |  113MB,  254kB/s
[serve-stderr] Downloading bytes: ███████▌  |  113MB,  298kB/s
[serve-stderr] Downloading bytes: ███████▌  |  113MB,  337kB/s
[serve-stderr] Downloading bytes: ███████▌  |  113MB,  355kB/s
[serve-stderr] Downloading bytes: ███████▌  |  113MB,  377kB/s
[serve-stderr] Downloading bytes: ███████▌  |  113MB,  354kB/s
[serve-stderr] Downloading bytes: ███████▌  |  113MB,  368kB/s
[serve-stderr] Downloading bytes: ███████▌  |  113MB,  375kB/s
[serve-stderr] Downloading bytes: ███████▌  |  114MB,  380kB/s
[serve-stderr] Downloading bytes: ███████▌  |  114MB,  386kB/s
[serve-stderr] Downloading bytes: ███████▌  |  114MB,  364kB/s
[serve-stderr] Downloading bytes: ███████▌  |  114MB,  350kB/s
[serve-stderr] Downloading bytes: ███████▌  |  114MB,  339kB/s
[serve-stderr] Downloading bytes: ███████▌  |  114MB,  332kB/s
[serve-stderr] Downloading bytes: ███████▌  |  114MB,  350kB/s
[serve-stderr] Downloading bytes: ███████▌  |  114MB,  315kB/s
[serve-stderr] Downloading bytes: ███████▌  |  114MB,  343kB/s
[serve-stderr] Downloading bytes: ███████▌  |  114MB,  333kB/s
[serve-stderr] Downloading bytes: ███████▌  |  114MB,  301kB/s
[serve-stderr] Downloading bytes: ███████▌  |  114MB,  304kB/s
[serve-stderr] Downloading bytes: ███████▌  |  114MB,  308kB/s
[serve-stderr] Downloading bytes: ███████▌  |  114MB,  281kB/s
[serve-stderr] Downloading bytes: ███████▌  |  114MB,  264kB/s
[serve-stderr] Downloading bytes: ███████▌  |  114MB,  305kB/s
[serve-stderr] Downloading bytes: ███████▌  |  114MB,  262kB/s
[serve-stderr] Downloading bytes: ███████▌  |  114MB,  271kB/s
[serve-stderr] Downloading bytes: ███████▌  |  114MB,  281kB/s
[serve-stderr] Downloading bytes: ███████▌  |  115MB,  235kB/s
[serve-stderr] Downloading bytes: ███████▌  |  115MB,  237kB/s
[serve-stderr] Downloading bytes: ███████▌  |  115MB,  210kB/s
[serve-stderr] Downloading bytes: ███████▌  |  115MB,  231kB/s
[serve-stderr] Downloading bytes: ███████▌  |  115MB,  206kB/s
[serve-stderr] Downloading bytes: ███████▌  |  115MB,  191kB/s
[serve-stderr] Downloading bytes: ███████▋  |  115MB,  216kB/s
[serve-stderr] Downloading bytes: ███████▋  |  115MB,  237kB/s
[serve-stderr] Downloading bytes: ███████▋  |  115MB,  237kB/s
[serve-stderr] Downloading bytes: ███████▋  |  115MB,  237kB/s
[serve-stderr] Downloading bytes: ███████▋  |  115MB,  253kB/s
[serve-stderr] Downloading bytes: ███████▋  |  115MB,  275kB/s
[serve-stderr] Downloading bytes: ███████▋  |  115MB,  263kB/s
[serve-stderr] Downloading bytes: ███████▋  |  115MB,  274kB/s
[serve-stderr] Downloading bytes: ███████▋  |  115MB,  317kB/s
[serve-stderr] Downloading bytes: ███████▋  |  115MB,  316kB/s
[serve-stderr] Downloading bytes: ███████▋  |  115MB,  314kB/s
[serve-stderr] Downloading bytes: ███████▋  |  115MB,  315kB/s
[serve-stderr] Downloading bytes: ███████▋  |  115MB,  345kB/s
[serve-stderr] Downloading bytes: ███████▋  |  115MB,  330kB/s
[serve-stderr] Downloading bytes: ███████▋  |  115MB,  324kB/s
[serve-stderr] Downloading bytes: ███████▋  |  116MB,  298kB/s
[serve-stderr] Downloading bytes: ███████▋  |  116MB,  300kB/s
[serve-stderr] Downloading bytes: ███████▋  |  116MB,  335kB/s
[serve-stderr] Downloading bytes: ███████▋  |  116MB,  299kB/s
[serve-stderr] Downloading bytes: ███████▋  |  116MB,  302kB/s
[serve-stderr] Downloading bytes: ███████▋  |  116MB,  281kB/s
[serve-stderr] Downloading bytes: ███████▋  |  116MB,  289kB/s
[serve-stderr] Downloading bytes: ███████▋  |  116MB,  269kB/s
[serve-stderr] Downloading bytes: ███████▋  |  116MB,  281kB/s
[serve-stderr] Downloading bytes: ███████▋  |  116MB,  290kB/s
[serve-stderr] Downloading bytes: ███████▋  |  116MB,  267kB/s
[serve-stderr] Downloading bytes: ███████▋  |  116MB,  312kB/s
[serve-stderr] Downloading bytes: ███████▋  |  116MB,  282kB/s
[serve-stderr] Downloading bytes: ███████▋  |  116MB,  125kB/s
[serve-stderr] Downloading bytes: ███████▋  |  116MB, 49.6kB/s
[serve-stderr] Downloading bytes: ███████▋  |  116MB, 58.8kB/s
[serve-stderr] Downloading bytes: ███████▋  |  116MB, 72.8kB/s
[serve-stderr] Downloading bytes: ███████▋  |  116MB, 84.1kB/s
[serve-stderr] Downloading bytes: ███████▋  |  116MB,  118kB/s
[serve-stderr] Downloading bytes: ███████▋  |  116MB,  140kB/s
[serve-stderr] Downloading bytes: ███████▋  |  116MB,  164kB/s
[serve-stderr] Downloading bytes: ███████▋  |  116MB,  215kB/s
[serve-stderr] Downloading bytes: ███████▋  |  117MB,  248kB/s
[serve-stderr] Downloading bytes: ███████▊  |  117MB,  321kB/s
[serve-stderr] Downloading bytes: ███████▊  |  117MB,  348kB/s
[serve-stderr] Downloading bytes: ███████▊  |  117MB,  375kB/s
[serve-stderr] Downloading bytes: ███████▊  |  117MB,  397kB/s
[serve-stderr] Downloading bytes: ███████▊  |  117MB,  458kB/s
[serve-stderr] Downloading bytes: ███████▊  |  117MB,  245kB/s
[serve-stderr] Downloading bytes: ███████▊  |  117MB,  215kB/s
[serve-stderr] Downloading bytes: ███████▊  |  117MB,  176kB/s
[serve-stderr] Downloading bytes: ███████▊  |  117MB,  170kB/s
[serve-stderr] Downloading bytes: ███████▊  |  117MB,  237kB/s
[serve-stderr] Downloading bytes: ███████▊  |  117MB,  218kB/s
[serve-stderr] Downloading bytes: ███████▊  |  117MB,  146kB/s
[serve-stderr] Downloading bytes: ███████▊  |  117MB,  123kB/s
[serve-stderr] Downloading bytes: ███████▊  |  117MB,  196kB/s
[serve-stderr] Downloading bytes: ███████▊  |  117MB,  234kB/s
[serve-stderr] Downloading bytes: ███████▊  |  117MB,  280kB/s
[serve-stderr] Downloading bytes: ███████▊  |  118MB,  311kB/s
[serve-stderr] Downloading bytes: ███████▊  |  118MB,  312kB/s
[serve-stderr] Downloading bytes: ███████▊  |  118MB,  341kB/s
[serve-stderr] Downloading bytes: ███████▊  |  118MB,  333kB/s
[serve-stderr] Downloading bytes: ███████▊  |  118MB,  359kB/s
[serve-stderr] Downloading bytes: ███████▊  |  118MB,  342kB/s
[serve-stderr] Downloading bytes: ███████▊  |  118MB,  332kB/s
[serve-stderr] Downloading bytes: ███████▊  |  118MB,  358kB/s
[serve-stderr] Downloading bytes: ███████▊  |  118MB,  382kB/s
[serve-stderr] Downloading bytes: ███████▊  |  118MB,  357kB/s
[serve-stderr] Downloading bytes: ███████▊  |  118MB,  343kB/s
[serve-stderr] Downloading bytes: ███████▊  |  118MB,  250kB/s
[serve-stderr] Downloading bytes: ███████▊  |  118MB,  260kB/s
[serve-stderr] Downloading bytes: ███████▊  |  118MB,  189kB/s
[serve-stderr] Downloading bytes: ███████▊  |  118MB,  206kB/s
[serve-stderr] Downloading bytes: ███████▊  |  118MB,  188kB/s
[serve-stderr] Downloading bytes: ███████▊  |  118MB,  206kB/s
[serve-stderr] Downloading bytes: ███████▊  |  118MB,  226kB/s
[serve-stderr] Downloading bytes: ███████▊  |  118MB,  220kB/s
[serve-stderr] Downloading bytes: ███████▉  |  119MB,  201kB/s
[serve-stderr] Downloading bytes: ███████▉  |  119MB,  258kB/s
[serve-stderr] Downloading bytes: ███████▉  |  119MB,  220kB/s
[serve-stderr] Downloading bytes: ███████▉  |  119MB,  288kB/s
[serve-stderr] Downloading bytes: ███████▉  |  119MB,  317kB/s
[serve-stderr] Downloading bytes: ███████▉  |  119MB,  316kB/s
[serve-stderr] Downloading bytes: ███████▉  |  119MB,  296kB/s
[serve-stderr] Downloading bytes: ███████▉  |  119MB,  280kB/s
[serve-stderr] Downloading bytes: ███████▉  |  119MB,  267kB/s
[serve-stderr] Downloading bytes: ███████▉  |  119MB,  274kB/s
[serve-stderr] Downloading bytes: ███████▉  |  119MB,  261kB/s
[serve-stderr] Downloading bytes: ███████▉  |  119MB,  231kB/s
[serve-stderr] Downloading bytes: ███████▉  |  119MB,  274kB/s
[serve-stderr] Downloading bytes: ███████▉  |  119MB,  260kB/s
[serve-stderr] Downloading bytes: ███████▉  |  119MB,  332kB/s
[serve-stderr] Downloading bytes: ███████▉  |  119MB,  325kB/s
[serve-stderr] Downloading bytes: ███████▉  |  120MB,  375kB/s
[serve-stderr] Downloading bytes: ███████▉  |  120MB,  380kB/s
[serve-stderr] Downloading bytes: ███████▉  |  120MB,  385kB/s
[serve-stderr] Downloading bytes: ███████▉  |  120MB,  400kB/s
[serve-stderr] Downloading bytes: ███████▉  |  120MB,  397kB/s
[serve-stderr] Downloading bytes: ███████▉  |  120MB,  394kB/s
[serve-stderr] Downloading bytes: ███████▉  |  120MB,  398kB/s
[serve-stderr] Downloading bytes: ███████▉  |  120MB,  372kB/s
[serve-stderr] Downloading bytes: ███████▉  |  120MB,  402kB/s
[serve-stderr] Downloading bytes: ███████▉  |  120MB,  376kB/s
[serve-stderr] Downloading bytes: ███████▉  |  120MB,  380kB/s
[serve-stderr] Downloading bytes: ████████  |  120MB,  359kB/s
[serve-stderr] Downloading bytes: ████████  |  120MB,  407kB/s
[serve-stderr] Downloading bytes: ████████  |  120MB,  377kB/s
[serve-stderr] Downloading bytes: ████████  |  121MB,  357kB/s
[serve-stderr] Downloading bytes: ████████  |  121MB,  368kB/s
[serve-stderr] Downloading bytes: ████████  |  121MB,  355kB/s
[serve-stderr] Downloading bytes: ████████  |  121MB,  393kB/s
[serve-stderr] Downloading bytes: ████████  |  121MB,  346kB/s
[serve-stderr] Downloading bytes: ████████  |  121MB,  368kB/s
[serve-stderr] Downloading bytes: ████████  |  121MB,  376kB/s
[serve-stderr] Downloading bytes: ████████  |  121MB,  356kB/s
[serve-stderr] Downloading bytes: ████████  |  121MB,  377kB/s
[serve-stderr] Downloading bytes: ████████  |  121MB,  382kB/s
[serve-stderr] Downloading bytes: ████████  |  121MB,  359kB/s
[serve-stderr] Downloading bytes: ████████  |  121MB,  369kB/s
[serve-stderr] Downloading bytes: ████████  |  121MB,  353kB/s
[serve-stderr] Downloading bytes: ████████  |  121MB,  374kB/s
[serve-stderr] Downloading bytes: ████████  |  121MB,  353kB/s
[serve-stderr] Downloading bytes: ████████  |  122MB,  375kB/s
[serve-stderr] Downloading bytes: ████████  |  122MB,  396kB/s
[serve-stderr] Downloading bytes: ████████  |  122MB,  365kB/s
[serve-stderr] Downloading bytes: ████████  |  122MB,  404kB/s
[serve-stderr] Downloading bytes: ████████  |  122MB,  373kB/s
[serve-stderr] Downloading bytes: ████████  |  122MB,  391kB/s
[serve-stderr] Downloading bytes: ████████  |  122MB,  363kB/s
[serve-stderr] Downloading bytes: ████████  |  122MB,  387kB/s
[serve-stderr] Downloading bytes: ████████  |  122MB,  359kB/s
[serve-stderr] Downloading bytes: ████████  |  122MB,  382kB/s
[serve-stderr] Downloading bytes: ████████  |  122MB,  415kB/s
[serve-stderr] Downloading bytes: ████████▏ |  122MB,  429kB/s
[serve-stderr] Downloading bytes: ████████▏ |  122MB,  385kB/s
[serve-stderr] Downloading bytes: ████████▏ |  122MB,  386kB/s
[serve-stderr] Downloading bytes: ████████▏ |  122MB,  389kB/s
[serve-stderr] Downloading bytes: ████████▏ |  123MB,  392kB/s
[serve-stderr] Downloading bytes: ████████▏ |  123MB,  391kB/s
[serve-stderr] Downloading bytes: ████████▏ |  123MB,  392kB/s
[serve-stderr] Downloading bytes: ████████▏ |  123MB,  393kB/s
[serve-stderr] Downloading bytes: ████████▏ |  123MB,  407kB/s
[serve-stderr] Downloading bytes: ████████▏ |  123MB,  401kB/s
[serve-stderr] Downloading bytes: ████████▏ |  123MB,  414kB/s
[serve-stderr] Downloading bytes: ████████▏ |  123MB,  408kB/s
[serve-stderr] Downloading bytes: ████████▏ |  123MB,  377kB/s
[serve-stderr] Downloading bytes: ████████▏ |  123MB,  394kB/s
[serve-stderr] Downloading bytes: ████████▏ |  123MB,  410kB/s
[serve-stderr] Downloading bytes: ████████▏ |  123MB,  372kB/s
[serve-stderr] Downloading bytes: ████████▏ |  123MB,  393kB/s
[serve-stderr] Downloading bytes: ████████▏ |  123MB,  410kB/s
[serve-stderr] Downloading bytes: ████████▏ |  123MB,  372kB/s
[serve-stderr] Downloading bytes: ████████▏ |  124MB,  428kB/s
[serve-stderr] Downloading bytes: ████████▏ |  124MB,  383kB/s
[serve-stderr] Downloading bytes: ████████▏ |  124MB,  401kB/s
[serve-stderr] Downloading bytes: ████████▏ |  124MB,  417kB/s
[serve-stderr] Downloading bytes: ████████▏ |  124MB,  407kB/s
[serve-stderr] Downloading bytes: ████████▏ |  124MB,  401kB/s
[serve-stderr] Downloading bytes: ████████▏ |  124MB,  397kB/s
[serve-stderr] Downloading bytes: ████████▏ |  124MB,  395kB/s
[serve-stderr] Downloading bytes: ████████▏ |  124MB,  411kB/s
[serve-stderr] Downloading bytes: ████████▎ |  124MB,  403kB/s
[serve-stderr] Downloading bytes: ████████▎ |  124MB,  399kB/s
[serve-stderr] Downloading bytes: ████████▎ |  124MB,  396kB/s
[serve-stderr] Downloading bytes: ████████▎ |  124MB,  394kB/s
[serve-stderr] Downloading bytes: ████████▎ |  124MB,  394kB/s
[serve-stderr] Downloading bytes: ████████▎ |  125MB,  371kB/s
[serve-stderr] Downloading bytes: ████████▎ |  125MB,  389kB/s
[serve-stderr] Downloading bytes: ████████▎ |  125MB,  409kB/s
[serve-stderr] Downloading bytes: ████████▎ |  125MB,  422kB/s
[serve-stderr] Downloading bytes: ████████▎ |  125MB,  409kB/s
[serve-stderr] Downloading bytes: ████████▎ |  125MB,  422kB/s
[serve-stderr] Downloading bytes: ████████▎ |  125MB,  381kB/s
[serve-stderr] Downloading bytes: ████████▎ |  125MB,  402kB/s
[serve-stderr] Downloading bytes: ████████▎ |  125MB,  399kB/s
[serve-stderr] Downloading bytes: ████████▎ |  125MB,  371kB/s
[serve-stderr] Downloading bytes: ████████▎ |  125MB,  390kB/s
[serve-stderr] Downloading bytes: ████████▎ |  125MB,  408kB/s
[serve-stderr] Downloading bytes: ████████▎ |  125MB,  422kB/s
[serve-stderr] Downloading bytes: ████████▎ |  125MB,  409kB/s
[serve-stderr] Downloading bytes: ████████▎ |  125MB,  402kB/s
[serve-stderr] Downloading bytes: ████████▎ |  125MB,  371kB/s
[serve-stderr] Downloading bytes: ████████▎ |  125MB,  392kB/s
[serve-stderr] Downloading bytes: ████████▎ |  126MB,  409kB/s
[serve-stderr] Downloading bytes: ████████▎ |  126MB,  371kB/s
[serve-stderr] Downloading bytes: ████████▎ |  126MB,  392kB/s
[serve-stderr] Downloading bytes: ████████▎ |  126MB,  410kB/s
[serve-stderr] Downloading bytes: ████████▎ |  126MB,  402kB/s
[serve-stderr] Downloading bytes: ████████▎ |  126MB,  401kB/s
[serve-stderr] Downloading bytes: ████████▎ |  126MB,  416kB/s
[serve-stderr] Downloading bytes: ████████▍ |  126MB,  408kB/s
[serve-stderr] Downloading bytes: ████████▍ |  126MB,  403kB/s
[serve-stderr] Downloading bytes: ████████▍ |  126MB,  417kB/s
[serve-stderr] Downloading bytes: ████████▍ |  126MB,  380kB/s
[serve-stderr] Downloading bytes: ████████▍ |  126MB,  398kB/s
[serve-stderr] Downloading bytes: ████████▍ |  126MB,  395kB/s
[serve-stderr] Downloading bytes: ████████▍ |  126MB,  397kB/s
[serve-stderr] Downloading bytes: ████████▍ |  127MB,  397kB/s
[serve-stderr] Downloading bytes: ████████▍ |  127MB,  395kB/s
[serve-stderr] Downloading bytes: ████████▍ |  127MB,  408kB/s
[serve-stderr] Downloading bytes: ████████▍ |  127MB,  375kB/s
[serve-stderr] Downloading bytes: ████████▍ |  127MB,  393kB/s
[serve-stderr] Downloading bytes: ████████▍ |  127MB,  395kB/s
[serve-stderr] Downloading bytes: ████████▍ |  127MB,  397kB/s
[serve-stderr] Downloading bytes: ████████▍ |  127MB,  411kB/s
[serve-stderr] Downloading bytes: ████████▍ |  127MB,  406kB/s
[serve-stderr] Downloading bytes: ████████▍ |  127MB,  377kB/s
[serve-stderr] Downloading bytes: ████████▍ |  127MB,  396kB/s
[serve-stderr] Downloading bytes: ████████▍ |  127MB,  414kB/s
[serve-stderr] Downloading bytes: ████████▍ |  127MB,  427kB/s
[serve-stderr] Downloading bytes: ████████▍ |  127MB,  414kB/s
[serve-stderr] Downloading bytes: ████████▍ |  127MB,  408kB/s
[serve-stderr] Downloading bytes: ████████▍ |  127MB,  376kB/s
[serve-stderr] Downloading bytes: ████████▍ |  128MB,  394kB/s
[serve-stderr] Downloading bytes: ████████▍ |  128MB,  411kB/s
[serve-stderr] Downloading bytes: ████████▍ |  128MB,  375kB/s
[serve-stderr] Downloading bytes: ████████▍ |  128MB,  395kB/s
[serve-stderr] Downloading bytes: ████████▍ |  128MB,  412kB/s
[serve-stderr] Downloading bytes: ████████▍ |  128MB,  426kB/s
[serve-stderr] Downloading bytes: ████████▌ |  128MB,  413kB/s
[serve-stderr] Downloading bytes: ████████▌ |  128MB,  379kB/s
[serve-stderr] Downloading bytes: ████████▌ |  128MB,  385kB/s
[serve-stderr] Downloading bytes: ████████▌ |  128MB,  405kB/s
[serve-stderr] Downloading bytes: ████████▌ |  128MB,  375kB/s
[serve-stderr] Downloading bytes: ████████▌ |  128MB,  394kB/s
[serve-stderr] Downloading bytes: ████████▌ |  128MB,  414kB/s
[serve-stderr] Downloading bytes: ████████▌ |  128MB,  374kB/s
[serve-stderr] Downloading bytes: ████████▌ |  128MB,  397kB/s
[serve-stderr] Downloading bytes: ████████▌ |  128MB,  416kB/s
[serve-stderr] Downloading bytes: ████████▌ |  128MB,  376kB/s
[serve-stderr] Downloading bytes: ████████▌ |  129MB,  397kB/s
[serve-stderr] Downloading bytes: ████████▌ |  129MB,  398kB/s
[serve-stderr] Downloading bytes: ████████▌ |  129MB,  414kB/s
[serve-stderr] Downloading bytes: ████████▌ |  129MB,  409kB/s
[serve-stderr] Downloading bytes: ████████▌ |  129MB,  377kB/s
[serve-stderr] Downloading bytes: ████████▌ |  129MB,  427kB/s
[serve-stderr] Downloading bytes: ████████▌ |  129MB,  388kB/s
[serve-stderr] Downloading bytes: ████████▌ |  129MB,  392kB/s
[serve-stderr] Downloading bytes: ████████▌ |  129MB,  407kB/s
[serve-stderr] Downloading bytes: ████████▌ |  129MB,  420kB/s
[serve-stderr] Downloading bytes: ████████▌ |  129MB,  381kB/s
[serve-stderr] Downloading bytes: ████████▌ |  129MB,  385kB/s
[serve-stderr] Downloading bytes: ████████▌ |  129MB,  402kB/s
[serve-stderr] Downloading bytes: ████████▌ |  129MB,  418kB/s
[serve-stderr] Downloading bytes: ████████▌ |  129MB,  376kB/s
[serve-stderr] Downloading bytes: ████████▌ |  129MB,  400kB/s
[serve-stderr] Downloading bytes: ████████▌ |  130MB,  369kB/s
[serve-stderr] Downloading bytes: ████████▌ |  130MB,  424kB/s
[serve-stderr] Downloading bytes: ████████▌ |  130MB,  415kB/s
[serve-stderr] Downloading bytes: ████████▋ |  130MB,  380kB/s
[serve-stderr] Downloading bytes: ████████▋ |  130MB,  430kB/s
[serve-stderr] Downloading bytes: ████████▋ |  130MB,  390kB/s
[serve-stderr] Downloading bytes: ████████▋ |  130MB,  392kB/s
[serve-stderr] Downloading bytes: ████████▋ |  130MB,  391kB/s
[serve-stderr] Downloading bytes: ████████▋ |  130MB,  393kB/s
[serve-stderr] Downloading bytes: ████████▋ |  130MB,  407kB/s
[serve-stderr] Downloading bytes: ████████▋ |  130MB,  422kB/s
[serve-stderr] Downloading bytes: ████████▋ |  130MB,  382kB/s
[serve-stderr] Downloading bytes: ████████▋ |  130MB,  400kB/s
[serve-stderr] Downloading bytes: ████████▋ |  130MB,  398kB/s
[serve-stderr] Downloading bytes: ████████▋ |  130MB,  416kB/s
[serve-stderr] Downloading bytes: ████████▋ |  131MB,  430kB/s
[serve-stderr] Downloading bytes: ████████▋ |  131MB,  382kB/s
[serve-stderr] Downloading bytes: ████████▋ |  131MB,  414kB/s
[serve-stderr] Downloading bytes: ████████▋ |  131MB,  405kB/s
[serve-stderr] Downloading bytes: ████████▋ |  131MB,  377kB/s
[serve-stderr] Downloading bytes: ████████▋ |  131MB,  394kB/s
[serve-stderr] Downloading bytes: ████████▋ |  131MB,  367kB/s
[serve-stderr] Downloading bytes: ████████▋ |  131MB,  387kB/s
[serve-stderr] Downloading bytes: ████████▋ |  131MB,  407kB/s
[serve-stderr] Downloading bytes: ████████▋ |  131MB,  422kB/s
[serve-stderr] Downloading bytes: ████████▋ |  131MB,  409kB/s
[serve-stderr] Downloading bytes: ████████▋ |  131MB,  405kB/s
[serve-stderr] Downloading bytes: ████████▋ |  131MB,  420kB/s
[serve-stderr] Downloading bytes: ████████▋ |  131MB,  382kB/s
[serve-stderr] Downloading bytes: ████████▋ |  131MB,  359kB/s
[serve-stderr] Downloading bytes: ████████▋ |  132MB,  343kB/s
[serve-stderr] Downloading bytes: ████████▋ |  132MB,  428kB/s
[serve-stderr] Downloading bytes: ████████▊ |  132MB,  437kB/s
[serve-stderr] Downloading bytes: ████████▊ |  132MB,  422kB/s
[serve-stderr] Downloading bytes: ████████▊ |  132MB,  432kB/s
[serve-stderr] Downloading bytes: ████████▊ |  132MB,  386kB/s
[serve-stderr] Downloading bytes: ████████▊ |  132MB,  360kB/s
[serve-stderr] Downloading bytes: ████████▊ |  132MB,  413kB/s
[serve-stderr] Downloading bytes: ████████▊ |  132MB,  425kB/s
[serve-stderr] Downloading bytes: ████████▊ |  132MB,  381kB/s
[serve-stderr] Downloading bytes: ████████▊ |  132MB,  400kB/s
[serve-stderr] Downloading bytes: ████████▊ |  132MB,  416kB/s
[serve-stderr] Downloading bytes: ████████▊ |  132MB,  429kB/s
[serve-stderr] Downloading bytes: ████████▊ |  132MB,  380kB/s
[serve-stderr] Downloading bytes: ████████▊ |  132MB,  436kB/s
[serve-stderr] Downloading bytes: ████████▊ |  132MB,  387kB/s
[serve-stderr] Downloading bytes: ████████▊ |  133MB,  390kB/s
[serve-stderr] Downloading bytes: ████████▊ |  133MB,  390kB/s
[serve-stderr] Downloading bytes: ████████▊ |  133MB,  415kB/s
[serve-stderr] Downloading bytes: ████████▊ |  133MB,  407kB/s
[serve-stderr] Downloading bytes: ████████▊ |  133MB,  404kB/s
[serve-stderr] Downloading bytes: ████████▊ |  133MB,  402kB/s
[serve-stderr] Downloading bytes: ████████▊ |  133MB,  378kB/s
[serve-stderr] Downloading bytes: ████████▊ |  133MB,  384kB/s
[serve-stderr] Downloading bytes: ████████▊ |  133MB,  399kB/s
[serve-stderr] Downloading bytes: ████████▊ |  133MB,  425kB/s
[serve-stderr] Downloading bytes: ████████▊ |  133MB,  388kB/s
[serve-stderr] Downloading bytes: ████████▊ |  133MB,  403kB/s
[serve-stderr] Downloading bytes: ████████▊ |  133MB,  417kB/s
[serve-stderr] Downloading bytes: ████████▊ |  133MB,  378kB/s
[serve-stderr] Downloading bytes: ████████▉ |  134MB,  400kB/s
[serve-stderr] Downloading bytes: ████████▉ |  134MB,  396kB/s
[serve-stderr] Downloading bytes: ████████▉ |  134MB,  411kB/s
[serve-stderr] Downloading bytes: ████████▉ |  134MB,  405kB/s
[serve-stderr] Downloading bytes: ████████▉ |  134MB,  400kB/s
[serve-stderr] Downloading bytes: ████████▉ |  134MB,  396kB/s
[serve-stderr] Downloading bytes: ████████▉ |  134MB,  394kB/s
[serve-stderr] Downloading bytes: ████████▉ |  134MB,  411kB/s
[serve-stderr] Downloading bytes: ████████▉ |  134MB,  406kB/s
[serve-stderr] Downloading bytes: ████████▉ |  134MB,  374kB/s
[serve-stderr] Downloading bytes: ████████▉ |  134MB,  392kB/s
[serve-stderr] Downloading bytes: ████████▉ |  134MB,  409kB/s
[serve-stderr] Downloading bytes: ████████▉ |  134MB,  377kB/s
[serve-stderr] Downloading bytes: ████████▉ |  134MB,  430kB/s
[serve-stderr] Downloading bytes: ████████▉ |  134MB,  388kB/s
[serve-stderr] Downloading bytes: ████████▉ |  134MB,  405kB/s
[serve-stderr] Downloading bytes: ████████▉ |  135MB,  420kB/s
[serve-stderr] Downloading bytes: ████████▉ |  135MB,  408kB/s
[serve-stderr] Downloading bytes: ████████▉ |  135MB,  401kB/s
[serve-stderr] Downloading bytes: ████████▉ |  135MB,  372kB/s
[serve-stderr] Downloading bytes: ████████▉ |  135MB,  392kB/s
[serve-stderr] Downloading bytes: ████████▉ |  135MB,  393kB/s
[serve-stderr] Downloading bytes: ████████▉ |  135MB,  408kB/s
[serve-stderr] Downloading bytes: ████████▉ |  135MB,  404kB/s
[serve-stderr] Downloading bytes: ████████▉ |  135MB,  373kB/s
[serve-stderr] Downloading bytes: ████████▉ |  135MB,  395kB/s
[serve-stderr] Downloading bytes: ████████▉ |  135MB,  396kB/s
[serve-stderr] Downloading bytes: ████████▉ |  135MB,  411kB/s
[serve-stderr] Downloading bytes: ████████▉ |  135MB,  403kB/s
[serve-stderr] Downloading bytes: █████████ |  135MB,  420kB/s
[serve-stderr] Downloading bytes: █████████ |  135MB,  350kB/s
[serve-stderr] Downloading bytes: █████████ |  135MB,  375kB/s
[serve-stderr] Downloading bytes: █████████ |  136MB,  400kB/s
[serve-stderr] Downloading bytes: █████████ |  136MB,  417kB/s
[serve-stderr] Downloading bytes: █████████ |  136MB,  377kB/s
[serve-stderr] Downloading bytes: █████████ |  136MB,  398kB/s
[serve-stderr] Downloading bytes: █████████ |  136MB,  418kB/s
[serve-stderr] Downloading bytes: █████████ |  136MB,  374kB/s
[serve-stderr] Downloading bytes: █████████ |  136MB,  395kB/s
[serve-stderr] Downloading bytes: █████████ |  136MB,  396kB/s
[serve-stderr] Downloading bytes: █████████ |  136MB,  365kB/s
[serve-stderr] Downloading bytes: █████████ |  136MB,  421kB/s
[serve-stderr] Downloading bytes: █████████ |  136MB,  411kB/s
[serve-stderr] Downloading bytes: █████████ |  136MB,  378kB/s
[serve-stderr] Downloading bytes: █████████ |  136MB,  395kB/s
[serve-stderr] Downloading bytes: █████████ |  136MB,  411kB/s
[serve-stderr] Downloading bytes: █████████ |  136MB,  406kB/s
[serve-stderr] Downloading bytes: █████████ |  136MB,  419kB/s
[serve-stderr] Downloading bytes: █████████ |  137MB,  409kB/s
[serve-stderr] Downloading bytes: █████████ |  137MB,  402kB/s
[serve-stderr] Downloading bytes: █████████ |  137MB,  398kB/s
[serve-stderr] Downloading bytes: █████████ |  137MB,  412kB/s
[serve-stderr] Downloading bytes: █████████ |  137MB,  377kB/s
[serve-stderr] Downloading bytes: █████████ |  137MB,  408kB/s
[serve-stderr] Downloading bytes: █████████ |  137MB,  405kB/s
[serve-stderr] Downloading bytes: █████████ |  137MB,  376kB/s
[serve-stderr] Downloading bytes: █████████ |  137MB,  394kB/s
[serve-stderr] Downloading bytes: █████████ |  137MB,  410kB/s
[serve-stderr] Downloading bytes: █████████ |  137MB,  423kB/s
[serve-stderr] Downloading bytes: █████████▏|  137MB,  380kB/s
[serve-stderr] Downloading bytes: █████████▏|  137MB,  400kB/s
[serve-stderr] Downloading bytes: █████████▏|  137MB,  416kB/s
[serve-stderr] Downloading bytes: █████████▏|  137MB,  405kB/s
[serve-stderr] Downloading bytes: █████████▏|  138MB,  399kB/s
[serve-stderr] Downloading bytes: █████████▏|  138MB,  396kB/s
[serve-stderr] Downloading bytes: █████████▏|  138MB,  410kB/s
[serve-stderr] Downloading bytes: █████████▏|  138MB,  377kB/s
[serve-stderr] Downloading bytes: █████████▏|  138MB,  395kB/s
[serve-stderr] Downloading bytes: █████████▏|  138MB,  416kB/s
[serve-stderr] Downloading bytes: █████████▏|  138MB,  374kB/s
[serve-stderr] Downloading bytes: █████████▏|  138MB,  395kB/s
[serve-stderr] Downloading bytes: █████████▏|  138MB,  393kB/s
[serve-stderr] Downloading bytes: █████████▏|  138MB,  409kB/s
[serve-stderr] Downloading bytes: █████████▏|  138MB,  402kB/s
[serve-stderr] Downloading bytes: █████████▏|  138MB,  375kB/s
[serve-stderr] Downloading bytes: █████████▏|  138MB,  426kB/s
[serve-stderr] Downloading bytes: █████████▏|  138MB,  384kB/s
[serve-stderr] Downloading bytes: █████████▏|  138MB,  402kB/s
[serve-stderr] Downloading bytes: █████████▏|  139MB,  397kB/s
[serve-stderr] Downloading bytes: █████████▏|  139MB,  422kB/s
[serve-stderr] Downloading bytes: █████████▏|  139MB,  414kB/s
[serve-stderr] Downloading bytes: █████████▏|  139MB,  385kB/s
[serve-stderr] Downloading bytes: █████████▏|  139MB,  411kB/s
[serve-stderr] Downloading bytes: █████████▏|  139MB,  380kB/s
[serve-stderr] Downloading bytes: █████████▏|  139MB,  394kB/s
[serve-stderr] Downloading bytes: █████████▏|  139MB,  260kB/s
[serve-stderr] Downloading bytes: █████████▏|  139MB,  263kB/s
[serve-stderr] Downloading bytes: █████████▎|  139MB,  373kB/s
[serve-stderr] Downloading bytes: █████████▎|  139MB,  430kB/s
[serve-stderr] Downloading bytes: █████████▎|  139MB,  466kB/s
[serve-stderr] Downloading bytes: █████████▎|  139MB,  494kB/s
[serve-stderr] Downloading bytes: █████████▎|  140MB,  435kB/s
[serve-stderr] Downloading bytes: █████████▎|  140MB,  441kB/s
[serve-stderr] Downloading bytes: █████████▎|  140MB,  448kB/s
[serve-stderr] Downloading bytes: █████████▎|  140MB,  425kB/s
[serve-stderr] Downloading bytes: █████████▎|  140MB,  413kB/s
[serve-stderr] Downloading bytes: █████████▎|  140MB,  424kB/s
[serve-stderr] Downloading bytes: █████████▎|  140MB,  411kB/s
[serve-stderr] Downloading bytes: █████████▎|  140MB,  378kB/s
[serve-stderr] Downloading bytes: █████████▎|  140MB,  396kB/s
[serve-stderr] Downloading bytes: █████████▎|  140MB,  415kB/s
[serve-stderr] Downloading bytes: █████████▎|  140MB,  407kB/s
[serve-stderr] Downloading bytes: █████████▎|  140MB,  420kB/s
[serve-stderr] Downloading bytes: █████████▎|  140MB,  411kB/s
[serve-stderr] Downloading bytes: █████████▎|  140MB,  380kB/s
[serve-stderr] Downloading bytes: █████████▎|  140MB,  387kB/s
[serve-stderr] Downloading bytes: █████████▎|  141MB,  403kB/s
[serve-stderr] Downloading bytes: █████████▎|  141MB,  398kB/s
[serve-stderr] Downloading bytes: █████████▎|  141MB,  396kB/s
[serve-stderr] Downloading bytes: █████████▎|  141MB,  394kB/s
[serve-stderr] Downloading bytes: █████████▎|  141MB,  408kB/s
[serve-stderr] Downloading bytes: █████████▎|  141MB,  421kB/s
[serve-stderr] Downloading bytes: █████████▎|  141MB,  383kB/s
[serve-stderr] Downloading bytes: █████████▎|  141MB,  403kB/s
[serve-stderr] Downloading bytes: █████████▍|  141MB,  370kB/s
[serve-stderr] Downloading bytes: █████████▍|  141MB,  393kB/s
[serve-stderr] Downloading bytes: █████████▍|  141MB,  410kB/s
[serve-stderr] Downloading bytes: █████████▍|  141MB,  404kB/s
[serve-stderr] Downloading bytes: █████████▍|  141MB,  418kB/s
[serve-stderr] Downloading bytes: █████████▍|  141MB,  430kB/s
[serve-stderr] Downloading bytes: █████████▍|  141MB,  384kB/s
[serve-stderr] Downloading bytes: █████████▍|  141MB,  403kB/s
[serve-stderr] Downloading bytes: █████████▍|  141MB,  399kB/s
[serve-stderr] Downloading bytes: █████████▍|  142MB,  416kB/s
[serve-stderr] Downloading bytes: █████████▍|  142MB,  377kB/s
[serve-stderr] Downloading bytes: █████████▍|  142MB,  399kB/s
[serve-stderr] Downloading bytes: █████████▍|  142MB,  397kB/s
[serve-stderr] Downloading bytes: █████████▍|  142MB,  397kB/s
[serve-stderr] Downloading bytes: █████████▍|  142MB,  396kB/s
[serve-stderr] Downloading bytes: █████████▍|  142MB,  397kB/s
[serve-stderr] Downloading bytes: █████████▍|  142MB,  412kB/s
[serve-stderr] Downloading bytes: █████████▍|  142MB,  404kB/s
[serve-stderr] Downloading bytes: █████████▍|  142MB,  376kB/s
[serve-stderr] Downloading bytes: █████████▍|  142MB,  394kB/s
[serve-stderr] Downloading bytes: █████████▍|  142MB,  395kB/s
[serve-stderr] Downloading bytes: █████████▍|  142MB,  410kB/s
[serve-stderr] Downloading bytes: █████████▍|  142MB,  423kB/s
[serve-stderr] Downloading bytes: █████████▍|  142MB,  382kB/s
[serve-stderr] Downloading bytes: █████████▍|  143MB,  404kB/s
[serve-stderr] Downloading bytes: █████████▍|  143MB,  420kB/s
[serve-stderr] Downloading bytes: █████████▍|  143MB,  409kB/s
[serve-stderr] Downloading bytes: █████████▍|  143MB,  403kB/s
[serve-stderr] Downloading bytes: █████████▍|  143MB,  398kB/s
[serve-stderr] Downloading bytes: █████████▍|  143MB,  416kB/s
[serve-stderr] Downloading bytes: █████████▌|  143MB,  381kB/s
[serve-stderr] Downloading bytes: █████████▌|  143MB,  384kB/s
[serve-stderr] Downloading bytes: █████████▌|  143MB,  401kB/s
[serve-stderr] Downloading bytes: █████████▌|  143MB,  419kB/s
[serve-stderr] Downloading bytes: █████████▌|  143MB,  408kB/s
[serve-stderr] Downloading bytes: █████████▌|  143MB,  374kB/s
[serve-stderr] Downloading bytes: █████████▌|  143MB,  393kB/s
[serve-stderr] Downloading bytes: █████████▌|  143MB,  392kB/s
[serve-stderr] Downloading bytes: █████████▌|  143MB,  411kB/s
[serve-stderr] Downloading bytes: █████████▌|  144MB,  405kB/s
[serve-stderr] Downloading bytes: █████████▌|  144MB,  400kB/s
[serve-stderr] Downloading bytes: █████████▌|  144MB,  413kB/s
[serve-stderr] Downloading bytes: █████████▌|  144MB,  376kB/s
[serve-stderr] Downloading bytes: █████████▌|  144MB,  395kB/s
[serve-stderr] Downloading bytes: █████████▌|  144MB,  393kB/s
[serve-stderr] Downloading bytes: █████████▌|  144MB,  409kB/s
[serve-stderr] Downloading bytes: █████████▌|  144MB,  405kB/s
[serve-stderr] Downloading bytes: █████████▌|  144MB,  418kB/s
[serve-stderr] Downloading bytes: █████████▌|  144MB,  379kB/s
[serve-stderr] Downloading bytes: █████████▌|  144MB,  432kB/s
[serve-stderr] Downloading bytes: █████████▌|  144MB,  390kB/s
[serve-stderr] Downloading bytes: █████████▌|  144MB,  390kB/s
[serve-stderr] Downloading bytes: █████████▌|  144MB,  392kB/s
[serve-stderr] Downloading bytes: █████████▌|  145MB,  391kB/s
[serve-stderr] Downloading bytes: █████████▌|  145MB,  393kB/s
[serve-stderr] Downloading bytes: █████████▌|  145MB,  406kB/s
[serve-stderr] Downloading bytes: █████████▌|  145MB,  403kB/s
[serve-stderr] Downloading bytes: █████████▌|  145MB,  417kB/s
[serve-stderr] Downloading bytes: █████████▋|  145MB,  412kB/s
[serve-stderr] Downloading bytes: █████████▋|  145MB,  381kB/s
[serve-stderr] Downloading bytes: █████████▋|  145MB,  386kB/s
[serve-stderr] Downloading bytes: █████████▋|  145MB,  389kB/s
[serve-stderr] Downloading bytes: █████████▋|  145MB,  389kB/s
[serve-stderr] Downloading bytes: █████████▋|  145MB,  404kB/s
[serve-stderr] Downloading bytes: █████████▋|  145MB,  372kB/s
[serve-stderr] Downloading bytes: █████████▋|  145MB,  348kB/s
[serve-stderr] Downloading bytes: █████████▋|  145MB,  421kB/s
[serve-stderr] Downloading bytes: █████████▋|  146MB,  430kB/s
[serve-stderr] Downloading bytes: █████████▋|  146MB,  416kB/s
[serve-stderr] Downloading bytes: █████████▋|  146MB,  408kB/s
[serve-stderr] Downloading bytes: █████████▋|  146MB,  378kB/s
[serve-stderr] Downloading bytes: █████████▋|  146MB,  395kB/s
[serve-stderr] Downloading bytes: █████████▋|  146MB,  410kB/s
[serve-stderr] Downloading bytes: █████████▋|  146MB,  427kB/s
[serve-stderr] Downloading bytes: █████████▋|  146MB,  413kB/s
[serve-stderr] Downloading bytes: █████████▋|  146MB,  379kB/s
[serve-stderr] Downloading bytes: █████████▋|  146MB,  398kB/s
[serve-stderr] Downloading bytes: █████████▋|  146MB,  395kB/s
[serve-stderr] Downloading bytes: █████████▋|  146MB,  398kB/s
[serve-stderr] Downloading bytes: █████████▋|  146MB,  395kB/s
[serve-stderr] Downloading bytes: █████████▋|  146MB,  395kB/s
[serve-stderr] Downloading bytes: █████████▋|  146MB,  396kB/s
[serve-stderr] Downloading bytes: █████████▋|  147MB,  412kB/s
[serve-stderr] Downloading bytes: █████████▋|  147MB,  380kB/s
[serve-stderr] Downloading bytes: █████████▋|  147MB,  429kB/s
[serve-stderr] Downloading bytes: █████████▊|  147MB,  389kB/s
[serve-stderr] Downloading bytes: █████████▊|  147MB,  408kB/s
[serve-stderr] Downloading bytes: █████████▊|  147MB,  402kB/s
[serve-stderr] Downloading bytes: █████████▊|  147MB,  372kB/s
[serve-stderr] Downloading bytes: █████████▊|  147MB,  422kB/s
[serve-stderr] Downloading bytes: █████████▊|  147MB,  384kB/s
[serve-stderr] Downloading bytes: █████████▊|  147MB,  402kB/s
[serve-stderr] Downloading bytes: █████████▊|  147MB,  417kB/s
[serve-stderr] Downloading bytes: █████████▊|  147MB,  375kB/s
[serve-stderr] Downloading bytes: █████████▊|  147MB,  399kB/s
[serve-stderr] Downloading bytes: █████████▊|  147MB,  396kB/s
[serve-stderr] Downloading bytes: █████████▊|  147MB,  411kB/s
[serve-stderr] Downloading bytes: █████████▊|  147MB,  376kB/s
[serve-stderr] Downloading bytes: █████████▊|  148MB,  429kB/s
[serve-stderr] Downloading bytes: █████████▊|  148MB,  385kB/s
[serve-stderr] Downloading bytes: █████████▊|  148MB,  403kB/s
[serve-stderr] Downloading bytes: █████████▊|  148MB,  418kB/s
[serve-stderr] Downloading bytes: █████████▊|  148MB,  407kB/s
[serve-stderr] Downloading bytes: █████████▊|  148MB,  402kB/s
[serve-stderr] Downloading bytes: █████████▊|  148MB,  401kB/s
[serve-stderr] Downloading bytes: █████████▊|  148MB,  403kB/s
[serve-stderr] Downloading bytes: █████████▊|  148MB,  403kB/s
[serve-stderr] Downloading bytes: █████████▊|  148MB,  399kB/s
[serve-stderr] Downloading bytes: █████████▊|  148MB,  411kB/s
[serve-stderr] Downloading bytes: █████████▊|  148MB,  380kB/s
[serve-stderr] Downloading bytes: █████████▊|  148MB,  385kB/s
[serve-stderr] Downloading bytes: █████████▊|  148MB,  403kB/s
[serve-stderr] Downloading bytes: █████████▊|  148MB,  419kB/s
[serve-stderr] Downloading bytes: █████████▊|  149MB,  380kB/s
[serve-stderr] Downloading bytes: █████████▉|  149MB,  402kB/s
[serve-stderr] Downloading bytes: █████████▉|  149MB,  404kB/s
[serve-stderr] Downloading bytes: █████████▉|  149MB,  400kB/s
[serve-stderr] Downloading bytes: █████████▉|  149MB,  370kB/s
[serve-stderr] Downloading bytes: █████████▉|  149MB,  402kB/s
[serve-stderr] Downloading bytes: █████████▉|  149MB,  400kB/s
[serve-stderr] Downloading bytes: █████████▉|  149MB,  398kB/s
[serve-stderr] Downloading bytes: █████████▉|  149MB,  398kB/s
[serve-stderr] Downloading bytes: █████████▉|  149MB,  397kB/s
[serve-stderr] Downloading bytes: █████████▉|  149MB,  372kB/s
[serve-stderr] Downloading bytes: █████████▉|  149MB,  392kB/s
[serve-stderr] Downloading bytes: █████████▉|  149MB,  367kB/s
[serve-stderr] Reconstructing (incomplete total...):  48%|████▊     | 72.0MB /  150MB            [A
[serve-stderr] Downloading bytes: █████████▉|  149MB,  418kB/s
[serve-stderr] Downloading bytes: █████████▉|  150MB,  377kB/s
[serve-stderr] Downloading bytes: █████████▉|  150MB,  329kB/s
[serve-stderr] Downloading bytes: █████████▉|  150MB,  323kB/s
[serve-stderr] Downloading bytes: █████████▉|  150MB,  330kB/s
[serve-stderr] Downloading bytes: █████████▉|  150MB,  356kB/s
[serve-stderr] Downloading bytes: █████████▉|  150MB,  382kB/s
[serve-stderr] Downloading bytes: █████████▉|  150MB,  388kB/s
[serve-stderr] Downloading bytes: █████████▉|  150MB,  441kB/s
[serve-stderr] Downloading bytes: █████████▉|  150MB,  450kB/s
[serve-stderr] Downloading bytes: █████████▉|  150MB,  494kB/s
[serve-stderr] Reconstructing (incomplete total...): 100%|██████████|  150MB /  150MB,  147kB/s  [A
[serve-stderr] Fetching 14 files: 100%|██████████| 14/14 [08:02<00:00, 109.38s/it][A[A
[serve-stderr] Fetching 14 files: 100%|██████████| 14/14 [08:02<00:00, 34.46s/it]
[serve-stderr] Downloading bytes: ██████████|  150MB,  450kB/s
[serve-stderr] Download complete: ██████████|  150MB,  450kB/s
[event] {"type": "image.models.completed", "job_id": 1, "ok": true, "ts": "2026-10-03T14:51:26.710+00:00"}
[download] completed ok=True error=None 耗时=484.3s
[list] test-vl-256m={"name": "test-vl-256m", "path": "/Users/zhengbingjin/Library/Application Support/MYIA/models/test-vl-256m", "bytes": 150415524, "active": false, "incomplete": false}
[activate] test-vl-256m -> {"ok": true}
[switch] 停 8080: PID=19876 cmd=/Users/zhengbingjin/.cache/uv/archive-v0/n6owMImNZnhyuPqO5WZA_/bin/python /Users/zhengbingjin/.cache/uv/archive-v0/n6owMImNZnhyuPqO5WZA_/bin/mlx_vlm.server --model /Users/zhengbingjin/Library/Application Support/MYIA/models/qwen3-vl-8b-mlx --host 127.0.0.1 --port 8080
[switch] 8080 已释放( PID 19876 退出)
[ensure] 应答={"running": false, "base_url": "http://127.0.0.1:8080/v1", "model": "/Users/zhengbingjin/Library/Application Support/MYIA/models/test-vl-256m", "healthy": false, "started": false, "ensuring": true, "job_id": 1}
[event] {"type": "image.server.completed", "job_id": 1, "ok": true, "ts": "2026-10-03T14:51:37.857+00:00", "status": {"running": true, "base_url": "http://127.0.0.1:8080/v1", "model": "/Users/zhengbingjin/Library/Application Support/MYIA/models/test-vl-256m", "healthy": true, "started": true}}
[ensure] completed ok=True status={"running": true, "base_url": "http://127.0.0.1:8080/v1", "model": "/Users/zhengbingjin/Library/Application Support/MYIA/models/test-vl-256m", "healthy": true, "started": true}
[ensure] status={"running": true, "base_url": "http://127.0.0.1:8080/v1", "model": "/Users/zhengbingjin/Library/Application Support/MYIA/models/test-vl-256m", "healthy": true}
[caption] http=422 model=None
[caption] text=''
[exception] AssertionError: caption 空或过短
[restore] activate qwen3-vl-8b-mlx -> {"ok": true}
[restore] 停 8080: PID=24631 cmd=/Users/zhengbingjin/.cache/uv/archive-v0/n6owMImNZnhyuPqO5WZA_/bin/python /Users/zhengbingjin/.cache/uv/archive-v0/n6owMImNZnhyuPqO5WZA_/bin/mlx_vlm.server --model /Users/zhengbingjin/Library/Application Support/MYIA/models/test-vl-256m --host 127.0.0.1 --port 8080
[restore] 8080 已释放( PID 24631 退出)
[restore] ensure 应答={"running": false, "base_url": "http://127.0.0.1:8080/v1", "model": "/Users/zhengbingjin/Library/Application Support/MYIA/models/qwen3-vl-8b-mlx", "healthy": false, "started": false, "ensuring": true, "job_id": 2}
[serve-stderr] Reconstruction complete: 100%|██████████|  150MB /  150MB,  379kB/s               [A
[serve-stderr] Download complete: ██████████|  150MB,  450kB/s
[event] {"type": "image.server.completed", "job_id": 2, "ok": true, "ts": "2026-10-03T14:51:53.731+00:00", "status": {"running": true, "base_url": "http://127.0.0.1:8080/v1", "model": "/Users/zhengbingjin/Library/Application Support/MYIA/models/qwen3-vl-8b-mlx", "healthy": true, "started": true}}
[restore] completed ok=True status={"running": true, "base_url": "http://127.0.0.1:8080/v1", "model": "/Users/zhengbingjin/Library/Application Support/MYIA/models/qwen3-vl-8b-mlx", "healthy": true, "started": true}
[restore] status={"running": true, "base_url": "http://127.0.0.1:8080/v1", "model": "/Users/zhengbingjin/Library/Application Support/MYIA/models/qwen3-vl-8b-mlx", "healthy": true}
[restore] /health loaded_model=/Users/zhengbingjin/Library/Application Support/MYIA/models/qwen3-vl-8b-mlx
[restore] RESTORED=True
[cleanup] delete test-vl-256m -> {"ok": true}
[cleanup] delete test-vl-2b -> {"ok": true}
[cleanup] 末态 models=[('qwen3-vl-8b-mlx', True)]
DONE failure=True restored=True 总耗时=511.9s
